Date,Portfolio_Return,Cumulative_Return,Running_Peak,Drawdown,Rolling_30D_Volatility
2020-01-03,-0.006354013270513326,0.9936459867294867,0.9936459867294867,0.0,
2020-01-06,0.0033368411024719213,0.9969616254993119,0.9969616254993119,0.0,
2020-01-07,-0.0034676480153317535,0.9935045134972873,0.9969616254993119,-0.0034676480153317257,
2020-01-08,0.005908399688818044,0.999374535255674,0.999374535255674,0.0,
2020-01-09,0.008397129114663202,1.0077664122621224,1.0077664122621224,0.0,
2020-01-10,-0.00013158664679213097,1.007633803659183,1.0077664122621224,-0.00013158664679224774,
2020-01-13,0.011286874555468864,1.019006839998934,1.019006839998934,0.0,
2020-01-14,-0.004010130423374553,1.0149204896682276,1.019006839998934,-0.004010130423374503,
2020-01-15,-0.0012579732673997255,1.0136437468236887,1.019006839998934,-0.0052630590539027855,
2020-01-16,0.008453030000155291,1.0222121078250592,1.0222121078250592,0.0,
2020-01-17,0.0037014840507089363,1.0259958096386153,1.0259958096386153,0.0,
2020-01-21,-0.00306950266759447,1.0228465127639887,1.0259958096386153,-0.003069502667594537,
2020-01-22,0.001361707363641751,1.0242393303922948,1.0259958096386153,-0.0017119750683379786,
2020-01-23,0.004295722417925413,1.0286391782451818,1.0286391782451818,0.0,
2020-01-24,-0.00746507984667138,1.020960304646167,1.0286391782451818,-0.007465079846671441,
2020-01-27,-0.015305090135434955,1.0053344151588564,1.0286391782451818,-0.022655916262184883,
2020-01-28,0.015181756059076658,1.0205971570075925,1.0286391782451818,-0.007818116797095653,
2020-01-29,0.005140154450713896,1.025843184026571,1.0286391782451818,-0.00271814867423259,
2020-01-30,0.006703345183898617,1.0327197649936508,1.0327197649936508,0.0,
2020-01-31,-0.02062436561384842,1.0114205749837741,1.0327197649936508,-0.020624365613848394,
2020-02-03,0.007618915289884398,1.0191265026670218,1.0327197649936508,-0.013162585618483491,
2020-02-04,0.016693753942773046,1.0361395497391037,1.0361395497391037,0.0,
2020-02-05,0.007132429990648848,1.0435297425381602,1.0435297425381602,0.0,
2020-02-06,0.008636477121252494,1.0525421632849377,1.0525421632849377,0.0,
2020-02-07,-0.003428966104492342,1.0489330318834844,1.0525421632849377,-0.0034289661044925035,
2020-02-10,0.014071227048235201,1.0636928067335107,1.0636928067335107,0.0,
2020-02-11,-0.0017034111153359562,1.061880900583218,1.0636928067335107,-0.0017034111153360065,
2020-02-12,0.007086125080188188,1.0694055214650133,1.0694055214650133,0.0,
2020-02-13,-0.002239757147548182,1.0670103128046846,1.0694055214650133,-0.0022397571475480937,
2020-02-14,0.012625910641844096,1.0804822896680826,1.0804822896680826,0.0,0.13604090993353377
2020-02-18,0.0017494771112421155,1.0823725687029593,1.0823725687029593,0.0,0.13339795185626596
2020-02-19,0.015370535710289422,1.0990092149220456,1.0990092149220456,0.0,0.13822093067941071
2020-02-20,-0.006319230070587222,1.0920643228432578,1.0990092149220456,-0.006319230070587212,0.13967192855042648
2020-02-21,-0.01670189367969963,1.0738247806317365,1.0990092149220456,-0.022915580641510336,0.15078603839685312
2020-02-24,-0.03247015852018959,1.038957519781716,1.0990092149220456,-0.054641666625688035,0.18037656146535996
2020-02-25,-0.027731930114773904,1.0101452224509107,1.0990092149220456,-0.08085827786024358,0.1987851192165007
2020-02-26,0.0070824905967116205,1.0172995664902322,1.0990092149220456,-0.07434846525614358,0.1971063952269099
2020-02-27,-0.04284398543728909,0.9737143986781642,1.0990092149220456,-0.11400706613071365,0.2328908460131037
2020-02-28,0.00518616448182118,0.9787642417080268,1.0990092149220456,-0.10941216104593632,0.23364268554105644
2020-03-02,0.04294566833386743,1.0207979262094689,1.0990092149220456,-0.0711652710920394,0.2651144199401155
2020-03-03,-0.02433037868907245,0.9959615260997726,1.0990092149220456,-0.093764171785932,0.2740921459930126
2020-03-04,0.03419582518669067,1.0300192523389502,1.0990092149220456,-0.06277468982640788,0.29214889153062773
2020-03-05,-0.02390347196166957,1.0053982160206862,1.0990092149220456,-0.08517762874990942,0.3004819403401997
2020-03-06,-0.016027149043141124,0.9892845489648144,1.0990092149220456,-0.0998396232419344,0.3034539919080774
2020-03-09,-0.06670633200270146,0.9232930053964248,1.0990092149220456,-0.15988602018963471,0.3579029196281588
2020-03-10,0.04538678509580869,0.9651983066128157,1.0990092149220456,-0.12175594753199714,0.38230779762943057
2020-03-11,-0.041244972310280945,0.9253887291826401,1.0990092149220456,-0.1579790991577087,0.396185797715618
2020-03-12,-0.08226310733099844,0.8492633768309924,1.0990092149220456,-0.2272463548986421,0.45698677853382785
2020-03-13,0.09511095208154567,0.9300376251693766,1.0990092149220456,-0.15374901998856705,0.5420393371508748
2020-03-16,-0.10808392902686767,0.8295155044982531,1.0990092149220456,-0.24521515085104006,0.6204577094581905
2020-03-17,0.049538068054127145,0.870608100012041,1.0990092149220456,-0.20782456762767487,0.6399462971824084
2020-03-18,-0.05351279021953484,0.8240194313926689,1.0990092149220456,-0.25021608535728446,0.652034422968196
2020-03-19,0.012603460681441159,0.8344049278969699,1.0990092149220456,-0.24076621326950798,0.6532404839232305
2020-03-20,-0.023006803307390158,0.8152079378421272,1.0990092149220456,-0.2582337556651414,0.6532658930298342
2020-03-23,-0.004227977556623839,0.8117612569769491,1.0990092149220456,-0.2613699266984503,0.6532251104763045
2020-03-24,0.09337129804475267,0.8875564592433269,1.0990092149220456,-0.19240307797939382,0.713794050578601
2020-03-25,0.002590370976481104,0.8898555597353393,1.0990092149220456,-0.19031110235189608,0.7140766506164509
2020-03-26,0.04827388862438263,0.9328123479177906,1.0990092149220456,-0.15122427068643252,0.7298834615616862
2020-03-27,-0.029618959083604266,0.9051834171521327,1.0990092149220456,-0.1763641242841274,0.7337695628502768
2020-03-30,0.03247780327162487,0.9345817860991368,1.0990092149220456,-0.1496142403451748,0.7400090566102939
2020-03-31,-0.016333560100856456,0.9193167383267208,1.0990092149220456,-0.16350406725940936,0.7406925506068955
2020-04-01,-0.041002355447554185,0.8816225866529624,1.0990092149220456,-0.19780237082407237,0.7456383536826131
2020-04-02,0.025751435388358314,0.9043256337300736,1.0990092149220456,-0.17714463040765427,0.7513846084178266
2020-04-03,-0.01691745027236674,0.8890267497914185,1.0990092149220456,-0.19106524520408275,0.7514135823530274
2020-04-06,0.0648996044809658,0.94672423422588,1.0990092149220456,-0.13856569956692077,0.773368153314213
2020-04-07,-0.007989682086663164,0.9391602085706756,1.0990092149220456,-0.14544828576592816,0.7697561221156646
2020-04-08,0.02108252554803607,0.9589600776615658,1.0990092149220456,-0.12743217741847024,0.7721445434544546
2020-04-09,0.01813835619900822,0.9763540371308199,1.0990092149220456,-0.11160523144469336,0.7634835588633926
2020-04-13,-0.00047945739540632983,0.9758859169671827,1.0990092149220456,-0.11203117888651748,0.7634039169721766
2020-04-14,0.025387228459140043,1.000660955691286,1.0990092149220456,-0.08948811156031633,0.7566919318495614
2020-04-15,-0.014092605451687711,0.98655903565182,1.0990092149220456,-0.10231959636316779,0.7543580462024632
2020-04-16,0.009395500987318254,0.9958282520453345,1.0990092149220456,-0.09388543924450155,0.7482111001922713
2020-04-17,0.013679333993184904,1.0094505193049121,1.0990092149220456,-0.08149039553183912,0.7457226426391087
2020-04-20,-0.0162659672611043,0.9930308302061938,1.0990092149220456,-0.09643084268712798,0.7457709198370293
2020-04-21,-0.02985255325150862,0.9633863244670736,1.0990092149220456,-0.12340468907223123,0.7239412077864754
2020-04-22,0.024549438391987533,0.9870369176872613,1.0990092149220456,-0.10188476649190481,0.7156678847727519
2020-04-23,-0.0019226217176865844,0.9851392190731574,1.0990092149220456,-0.10361150234483263,0.7041298190356184
2020-04-24,0.014825343916204513,0.9997442468012581,1.0990092149220456,-0.0903222345845649,0.6565360764873304
2020-04-27,0.010379862034357512,1.010121454152698,1.0990092149220456,-0.0808799048838299,0.600445699886709
2020-04-28,-0.008125791059911168,1.0019134182711196,1.0990092149220456,-0.0883484827357095,0.5006991821056225
2020-04-29,0.024628889816234775,1.0265894334551262,1.0990092149220456,-0.06589551796620396,0.4872414750432762
2020-04-30,-0.006497096685833981,1.0199195826493128,1.0990092149220456,-0.07196448510064835,0.4553900784697847
2020-05-01,-0.01892694624186847,1.0006156195374805,1.0990092149220456,-0.08952936340169304,0.4614621954089119
2020-05-04,0.00895167368030773,1.009572804042999,1.0990092149220456,-0.08137912736736286,0.4529386683725002
2020-05-05,0.006527201493227975,1.0161624891570709,1.0990092149220456,-0.07538310383580471,0.4515815484269525
2020-05-06,-0.0019826533986311958,1.014147791144382,1.0990092149220456,-0.07721629866741664,0.3723622616588816
2020-05-07,0.013170010556563706,1.0275041282596693,1.0990092149220456,-0.06506322757944139,0.3730987963346578
2020-05-08,0.0120652652297936,1.0399012380918302,1.0990092149220456,-0.053782967447100094,0.350754171604738
2020-05-11,0.0031108151396120327,1.0431361786069875,1.0990092149220456,-0.05083946117687588,0.33612710043073685
2020-05-12,-0.017475935862490556,1.0249063976538084,1.0990092149220456,-0.06742692987655563,0.3317345525842053
2020-05-13,-0.01155796959928526,1.0130605606676129,1.0990092149220456,-0.0782055810701544,0.32956146799635627
2020-05-14,0.016889377048172383,1.0301705224493611,1.0990092149220456,-0.06263704756794719,0.3033812692875314
2020-05-15,0.00834519814091584,1.038767499578132,1.0990092149220456,-0.05481456799994777,0.29735856903862623
2020-05-18,0.020637071035989777,1.0602046182568035,1.0990092149220456,-0.03530870909757988,0.2934211249937185
2020-05-19,-0.0046249065133119995,1.0553012710123841,1.0990092149220456,-0.039770316132209826,0.23577773744840766
2020-05-20,0.016234262929279823,1.0724333093156022,1.0990092149220456,-0.024181694971801004,0.23576547136862083
2020-05-21,-0.01067046467270019,1.060989947574723,1.0990092149220456,-0.03459412972257858,0.23436218729955552
2020-05-22,0.005730243639700117,1.067069678473599,1.0990092149220456,-0.029062118874692233,0.23034366263808997
2020-05-26,0.0026192352733505906,1.0698645850145798,1.0990092149220456,-0.026519004128216617,0.2301039589731599
2020-05-27,0.009199995890694772,1.079707334800314,1.0990092149220456,-0.017562982966526697,0.22113101088668155
2020-05-28,-0.0035814670759627193,1.075840398529051,1.0990092149220456,-0.021081548797239225,0.21626812626258912
2020-05-29,0.006760944296110033,1.0831140955350107,1.0990092149220456,-0.014463135678222994,0.21572330362454065
2020-06-01,0.002914339184825315,1.0862706573852652,1.0990092149220456,-0.01159094697644003,0.21328893265871415
2020-06-02,0.003871331618881557,1.090475971327864,1.0990092149220456,-0.007764487757081162,0.20571481382600484
2020-06-03,0.007826816278829017,1.099010926411925,1.099010926411925,0.0,0.18054357521150705
2020-06-04,-0.001048161812091425,1.0978589851277887,1.099010926411925,-0.0010481618120915526,0.17077433389186647
2020-06-05,0.019544703858461618,1.1193163138704625,1.1193163138704625,0.0,0.17598623287289208
2020-06-08,0.006760382576051205,1.1268833203758422,1.1268833203758422,0.0,0.17333699733370855
2020-06-09,0.006750137651385151,1.1344899379054292,1.1344899379054292,0.0,0.17250348786204706
2020-06-10,0.010461576552680572,1.1463584912390725,1.1463584912390725,0.0,0.1695981831180158
2020-06-11,-0.047269893623412856,1.0921702473039054,1.1463584912390725,-0.04726989362341294,0.21703173005549234
2020-06-12,0.010479315272385225,1.103615443656522,1.1463584912390725,-0.03728593446919959,0.21672587019593148
2020-06-15,0.010681936128808068,1.115404193336427,1.1463584912390725,-0.027002284310894575,0.207829795899918
2020-06-16,0.009396959414185285,1.1258856012716216,1.1463584912390725,-0.017859064266468883,0.2079313550245974
2020-06-17,-0.0009376469756582293,1.1248299180426522,1.1463584912390725,-0.01877996574452956,0.2081827487071329
2020-06-18,0.001498374658740287,1.12651533468724,1.1463584912390725,-0.017309730510552956,0.20763324749111967
2020-06-19,-0.0027200272448522976,1.123451182285147,1.1463584912390725,-0.019982674816815482,0.20636779552459955
2020-06-22,0.012706646321358784,1.1377264791177566,1.1463584912390725,-0.007529941276908758,0.2066191374548645
2020-06-23,0.005904147125889636,1.1444437836394883,1.1463584912390725,-0.0016702520321671965,0.20678078030131217
2020-06-24,-0.018462444888035546,1.1233145533565894,1.1463584912390725,-0.020101859984109738,0.20765492250334053
2020-06-25,0.015621613983898287,1.1408625396916212,1.1463584912390725,-0.004794269497241488,0.20586627659522408
2020-06-26,-0.024362636071845793,1.1130681208291127,1.1463584912390725,-0.02904010452609551,0.21787830990740448
2020-06-29,0.009149505650100932,1.123252143889586,1.1463584912390725,-0.020156301476435545,0.21807256491945107
2020-06-30,0.014169175578697256,1.1391677007355057,1.1463584912390725,-0.006272724072375002,0.21422197214060965
2020-07-01,0.0005855181310813642,1.1398347040786287,1.1463584912390725,-0.005690878734969207,0.21324894006477102
2020-07-02,0.004346641290777476,1.1447891566680382,1.1463584912390725,-0.0013689736526818486,0.20942262470229583
2020-07-06,0.017848448789911864,1.165221867306074,1.165221867306074,0.0,0.2104254177665119
2020-07-07,-0.005971764532647711,1.1582634366862299,1.165221867306074,-0.005971764532647805,0.21193764627536896
2020-07-08,0.015366807520484718,1.1760622479758023,1.1760622479758023,0.0,0.21502797838866208
2020-07-09,0.002932973123284199,1.1795116069404243,1.1795116069404243,0.0,0.2142868678025124
2020-07-10,0.008863070235920307,1.1899657011568205,1.1899657011568205,0.0,0.21398011906763573
2020-07-13,-0.010564177990511136,1.1773946916871965,1.1899657011568205,-0.010564177990511125,0.21751691275489388
2020-07-14,0.012317628674026837,1.1918974023021696,1.1918974023021696,0.0,0.2192310871399219
2020-07-15,0.002424159307898144,1.19478675148402,1.19478675148402,0.0,0.21923221717279306
2020-07-16,-0.006880732058295713,1.1865657439802568,1.19478675148402,-0.006880732058295758,0.22064145708655145
2020-07-17,-0.00166063555365959,1.1845952907190487,1.19478675148402,-0.008529941223664128,0.2207378557508751
2020-07-20,0.01518534745333922,1.2025837818002068,1.2025837818002068,0.0,0.21818234076606682
2020-07-21,-0.0017483409371812524,1.2004812553440953,1.2025837818002068,-0.0017483409371811254,0.21812794831450513
2020-07-22,0.006049454345663525,1.2077435118911242,1.2077435118911242,0.0,0.21801046396080917
2020-07-23,-0.01768683707145647,1.1863823491721972,1.2077435118911242,-0.017686837071456463,0.22390398204148798
2020-07-24,-0.0018280063346522266,1.184213634722591,1.2077435118911242,-0.0194825117559021,0.17078181704883866
2020-07-27,0.009751768130149543,1.1957618115049673,1.2077435118911242,-0.009920732562988865,0.17050873881780765
2020-07-28,-0.005868042139936319,1.1887450308057297,1.2077435118911242,-0.015730559426186508,0.17055072358563458
2020-07-29,0.014738701388653786,1.2062655888420213,1.2077435118911242,-0.0012237060555918555,0.1731968400572915
2020-07-30,-0.0009716865023174256,1.2050934768511337,1.2077435118911242,-0.0021942034992520343,0.17320249811979158
2020-07-31,0.01836796520044485,1.2272285918972186,1.2272285918972186,0.0,0.17926971021981775
2020-08-03,0.017966628895418935,1.2492777525776835,1.2492777525776835,0.0,0.18358799974623188
2020-08-04,0.0047086269902868235,1.2551601355218356,1.2551601355218356,0.0,0.18159683620471928
2020-08-05,0.0049879488868217305,1.2614208101225945,1.2614208101225945,0.0,0.18150394677620676
2020-08-06,0.011552601052586509,1.2759935015013715,1.2759935015013715,0.0,0.17074114592275422
2020-08-07,-0.006703690281832641,1.2674396362656752,1.2759935015013715,-0.006703690281832597,0.17015157525219202
2020-08-10,0.00043841541027779204,1.2679953013338112,1.2759935015013715,-0.00626821387267984,0.14859053090905433
2020-08-11,-0.01567004712038203,1.2481257552134875,1.2759935015013715,-0.02184003778631627,0.1587546610603082
2020-08-12,0.017571074326345516,1.2700566656269698,1.2759935015013715,-0.004652716387204325,0.1610186601724618
2020-08-13,0.00244005039317503,1.2731556678932874,1.2759935015013715,-0.0022240188564792707,0.16079834813852906
2020-08-14,0.0008391365532121884,1.274224019352146,1.2759935015013715,-0.0013867485587846229,0.16100522631869754
2020-08-17,0.00972733153598414,1.2866188188394985,1.2866188188394985,0.0,0.15642702901662195
2020-08-18,0.0011429723244686387,1.2880893885415725,1.2880893885415725,0.0,0.1540820101114137
2020-08-19,-0.006480896534035413,1.2797414144878456,1.2880893885415725,-0.006480896534035385,0.1525787877561717
2020-08-20,0.007272136524454818,1.2890478687700002,1.2890478687700002,0.0,0.15311299318659705
2020-08-21,0.013772395477230234,1.3068011458077813,1.3068011458077813,0.0,0.1553881605709191
2020-08-24,0.00822188769227765,1.3175455180647526,1.3175455180647526,0.0,0.15041584954684314
2020-08-25,0.0017872747095101222,1.319900333847818,1.319900333847818,0.0,0.14831533266466634
2020-08-26,0.006252299632513081,1.3281527462200886,1.3281527462200886,0.0,0.14850052196351882
2020-08-27,0.0027052456534126306,1.3317457256638687,1.3317457256638687,0.0,0.14519727628293447
2020-08-28,0.01104111747751001,1.3464496866710953,1.3464496866710953,0.0,0.14563991124745765
2020-08-31,0.0018714281775495053,1.3489694705543844,1.3489694705543844,0.0,0.1420759922110062
2020-09-01,0.015257875290770872,1.3695518785071603,1.3695518785071603,0.0,0.1447513732144832
2020-09-02,0.01027991298150841,1.3836307526418752,1.3836307526418752,0.0,0.14567597236372914
2020-09-03,-0.043098790338649086,1.3239979409276559,1.3836307526418752,-0.04309879033864905,0.1910004455929639
2020-09-04,-0.006549241938436717,1.3153267580865287,1.3836307526418752,-0.04936576787190394,0.1926782971690169
2020-09-08,-0.036899148288217186,1.2667923209924339,1.3836307526418752,-0.08444336137105402,0.22450122410950393
2020-09-09,0.028546475936641644,1.3029547775003667,1.3836307526418752,-0.05830744581780034,0.23585917362413747
2020-09-10,-0.01869016107567919,1.278602342834559,1.3836307526418752,-0.07590783133923351,0.24144500588288995
2020-09-11,-0.002569377770288078,1.2753171303978417,1.3836307526418752,-0.07828217321508779,0.2416634199489106
2020-09-14,0.01973694777702158,1.3004879979996449,1.3836307526418752,-0.06009027660268418,0.24250011616930603
2020-09-15,-6.274252503890595e-05,1.3004064020988675,1.3836307526418752,-0.060149248912038766,0.23780049622860838
2020-09-16,-0.012783252186546804,1.2837829791158377,1.3836307526418752,-0.07216359808091155,0.24109719618821443
2020-09-17,-0.00828878966297542,1.2731419720290387,1.3836307526418752,-0.07985423885807075,0.2421923014427041
2020-09-18,-0.012723297940744815,1.2569434073980459,1.3836307526418752,-0.09156152752599289,0.2427167410516851
2020-09-21,0.0018308003697460546,1.25924461985306,1.3836307526418752,-0.08989835803469592,0.2420462034981647
2020-09-22,0.007251958209802013,1.2683766092121525,1.3836307526418752,-0.08329833896049144,0.24298231452838542
2020-09-23,-0.026431306891975325,1.2348517577994629,1.3836307526418752,-0.10752796189181024,0.2509324561351258
2020-09-24,0.007417647848733404,1.2440114532842086,1.3836307526418752,-0.10090791859828241,0.24635572744243328
2020-09-25,0.019691636664233368,1.2685080748284263,1.3836307526418752,-0.0832033240036304,0.2531687680423759
2020-09-28,0.014988602563150166,1.2875212382101764,1.3836307526418752,-0.06946182299590353,0.25686951560220916
2020-09-29,-0.0018955443134865521,1.2850806846485938,1.3836307526418752,-0.07122569934580592,0.255436013336031
2020-09-30,0.009344319695816217,1.2970888894008687,1.3836307526418752,-0.06254693535523492,0.2568328959619346
2020-10-01,0.007151307037746636,1.3063647703042243,1.3836307526418752,-0.05584292065648355,0.25671668022635546
2020-10-02,-0.016292068003550014,1.2850813866289859,1.3836307526418752,-0.07122519199918131,0.260620547040895
2020-10-05,0.01958059314957622,1.3102440424246613,1.3836307526418752,-0.05303923035614155,0.2638062785574873
2020-10-06,-0.011479217096802136,1.295203466611877,1.3836307526418752,-0.06390959861303813,0.2647926266488208
2020-10-07,0.013208746030581496,1.312311480260282,1.3836307526418752,-0.05154501823945279,0.2676786913417346
2020-10-08,0.0047986466908320705,1.3186087994023739,1.3836307526418752,-0.046993717879824315,0.26741414427060245
2020-10-09,0.008239692327512281,1.3294737302097999,1.3836307526418752,-0.039141239328967736,0.26839826919442467
2020-10-12,0.02354918101315203,1.360781747734741,1.3836307526418752,-0.016513802445852543,0.2751981601733892
2020-10-13,-0.007347976684567924,1.3507827551796006,1.3836307526418752,-0.023740436095074702,0.2760945026162828
2020-10-14,-0.004397409004457931,1.3448428109289072,1.3836307526418752,-0.028033448692078466,0.27262970331547404
2020-10-15,-0.0005521839952713604,1.3441002102525565,1.3836307526418752,-0.028570153065649806,0.27072153857165776
2020-10-16,-0.004857044790836391,1.3375718553279874,1.3836307526418752,-0.03328843134336523,0.23974610227222262
2020-10-19,-0.01684855307309978,1.3150357049344092,1.3836307526418752,-0.04957612251425603,0.24417650440381963
2020-10-20,0.005110040266335936,1.3217555903382936,1.3836307526418752,-0.044719418230216745,0.2177801584016029
2020-10-21,-0.003504775096132196,1.3171231342621024,1.3836307526418752,-0.04806746182302224,0.20247453578794192
2020-10-22,0.0011849084361008017,1.3186838045752731,1.3836307526418752,-0.04693950892793741,0.194181664926929
2020-10-23,0.0051291096158633635,1.3254474783576036,1.3836307526418752,-0.042051157198680134,0.194198834979034
2020-10-26,-0.015738594359622445,1.3045867981507488,1.3836307526418752,-0.057127925452799766,0.1922330513725056
2020-10-27,0.004615421938019709,1.3106080166789846,1.3836307526418752,-0.05277617299518855,0.19266028767298327
2020-10-28,-0.035570378860982785,1.2639891929874718,1.3836307526418752,-0.08646928338789983,0.21604068351714958
2020-10-29,0.013409692733918645,1.2809388996844275,1.3836307526418752,-0.07421911717513507,0.21832107205132806
2020-10-30,-0.01696711061363447,1.2592050676841746,1.3836307526418752,-0.0899269438180127,0.2208519116929473
2020-11-02,0.007674217095912573,1.2688684807418562,1.3836307526418752,-0.0829428456117316,0.22188437414542272
2020-11-03,0.018820826198005656,1.292749633886026,1.3836307526418752,-0.06568307229535242,0.22747497731576266
2020-11-04,0.02428826332533068,1.3241482774075748,1.3836307526418752,-0.04299013672594787,0.22227877583428526
2020-11-05,0.026591703665776612,1.3593596360099456,1.3836307526418752,-0.017541614036538866,0.23272248380319346
2020-11-06,0.0012669091953246444,1.3610818212325597,1.3836307526418752,-0.016296928473337968,0.22734786585808228
2020-11-09,0.00013188333691192605,1.3612613252449541,1.3836307526418752,-0.016167194429734466,0.22428479187414954
2020-11-10,-0.01601874202954956,1.3394556312410524,1.3836307526418752,-0.03192695834237258,0.23005270909033645
2020-11-11,0.01527668874460113,1.3599180780067253,1.3836307526418752,-0.017138007802929733,0.2324441182244741
2020-11-12,-0.0021621979458524114,1.3569776659319317,1.3836307526418752,-0.019263149983514527,0.23210684499212433
2020-11-13,0.0032849580052344233,1.361435280578559,1.3836307526418752,-0.016041470617024545,0.2260160544925069
2020-11-16,0.0107533410738733,1.3760752585006248,1.3836307526418752,-0.005460628948022461,0.22145968037443725
2020-11-17,-0.006391059283365967,1.3672806799451742,1.3836307526418752,-0.011816789028057162,0.2193030240612735
2020-11-18,-0.007414182078076686,1.3571434120322243,1.3836307526418752,-0.019143359280701544,0.21820386345829762
2020-11-19,0.003428317628487387,1.3617961307160797,1.3836307526418752,-0.015780671168304727,0.2180442122138609
2020-11-20,-0.008476367182980248,1.3502530466837683,1.3836307526418752,-0.024123275588068704,0.21871329745149912
2020-11-23,-0.0009702915093011862,1.348942907617163,1.3836307526418752,-0.025070160487890236,0.20762965706095324
2020-11-24,0.009966072364649286,1.3623865702502562,1.3836307526418752,-0.015353939156856566,0.20851819598816038
2020-11-25,0.002101313957398765,1.365249372165696,1.3836307526418752,-0.013284888646108883,0.2080776036817382
2020-11-27,0.0014952313020633603,1.3672907357620805,1.3836307526418752,-0.011809521325393701,0.20806494827381852
2020-11-30,-0.0018677550861498412,1.3647369715361153,1.3836307526418752,-0.013655219118023032,0.20755672287444477
2020-12-01,0.011180671360616967,1.3799956471085444,1.3836307526418752,-0.0026272222747217855,0.20274314647842046
2020-12-02,0.004848515514192941,1.3866865774130688,1.3866865774130688,0.0,0.20270619768546394
2020-12-03,-0.002002389798575321,1.3839098903566354,1.3866865774130688,-0.002002389798575477,0.20241891007830207
2020-12-04,0.0023932255642645055,1.3872218988848752,1.3872218988848752,0.0,0.2024209829990976
2020-12-07,0.0037465557520960815,1.3924192030695761,1.3924192030695761,0.0,0.20226116847323353
2020-12-08,0.0006914454019636469,1.3933819849251445,1.3933819849251445,0.0,0.19542530911868844
2020-12-09,-0.015771411391102386,1.3714063844159392,1.3933819849251445,-0.015771411391102386,0.20211771998425812
2020-12-10,0.001036440744758327,1.3728277658703696,1.3933819849251445,-0.014751316779712198,0.1687180639270263
2020-12-11,0.0008357841412757637,1.3739751535457871,1.3933819849251445,-0.013927861555063759,0.16576450434935447
2020-12-14,-8.701316185250085e-06,1.3739631981535454,1.3933819849251445,-0.013936441680521883,0.1555245244887489
2020-12-15,0.014377302523705927,1.3937170827098375,1.3937170827098375,0.0,0.15847636571992554
2020-12-16,0.0032366449198462546,1.3982280500252933,1.3982280500252933,0.0,0.151390003637994
2020-12-17,0.0029216044338272297,1.4023131192957488,1.4023131192957488,0.0,0.13683210283852965
2020-12-18,-0.005731240164352297,1.3942761260234426,1.4023131192957488,-0.005731240164352447,0.11686008802858289
2020-12-21,0.010279967648347032,1.4086092394918261,1.4086092394918261,0.0,0.1200021766018422
2020-12-22,0.0016780592046175043,1.4109729691918647,1.4109729691918647,0.0,0.11996934630766247
2020-12-23,-0.0016957891061317953,1.4085802566016628,1.4109729691918647,-0.0016957891061317731,0.10873721116292417
2020-12-24,0.003064854941448647,1.4128973507615354,1.4128973507615354,0.0,0.1009719133009687
2020-12-28,0.008158366729314102,1.4244242854999245,1.4244242854999245,0.0,0.1023233770256172
2020-12-29,-0.002573735443113012,1.4207581942303025,1.4244242854999245,-0.002573735443113012,0.10291130336463583
2020-12-30,0.0011021168573054018,1.4223240357863183,1.4244242854999245,-0.001474455143025799,0.09905316590847693
2020-12-31,0.001889454416598396,1.4250114522175688,1.4250114522175688,0.0,0.09646962329368841
2021-01-04,-0.0082596287333356,1.4132413866815001,1.4250114522175688,-0.008259628733335633,0.09716924653696184
2021-01-05,0.007077910683914523,1.4232441829912432,1.4250114522175688,-0.0012401789638780691,0.09840911494061598
2021-01-06,-0.013219360422436047,1.4044298051671464,1.4250114522175688,-0.014443145013602221,0.10341621687134502
2021-01-07,0.024844027867870985,1.4393214983851876,1.4393214983851876,0.0,0.12352850663562882
2021-01-08,-0.000985974976614879,1.437902363404476,1.4393214983851876,-0.0009859749766147896,0.12160331331021207
2021-01-11,-0.0005179552959615861,1.437157594260275,1.4393214983851876,-0.0015034195816155949,0.12178899121038446
2021-01-12,-0.0005127329712018402,1.4364207161768847,1.4393214983851876,-0.0020153817000283514,0.12196309445430255
2021-01-13,0.005313968122106017,1.4440538100725813,1.4440538100725813,0.0,0.12192703340203137
2021-01-14,-0.009058482104005377,1.430972874476818,1.4440538100725813,-0.009058482104005394,0.1226674246588331
2021-01-15,-0.011183002749439596,1.4149703008871701,1.4440538100725813,-0.020140183823170177,0.12728080178025802
2021-01-19,0.007512230731630131,1.4255998842658388,1.4440538100725813,-0.012779250799397124,0.12850398977878283
2021-01-20,0.01656960709519075,1.4492215142230733,1.4492215142230733,0.0,0.13615948966869176
2021-01-21,0.00971121971573636,1.4632952227644656,1.4632952227644656,0.0,0.13810056076793792
2021-01-22,-0.0009406670196823284,1.4619187492083523,1.4632952227644656,-0.0009406670196823175,0.13828428394570585
2021-01-25,0.006062288804881199,1.470781322875324,1.470781322875324,0.0,0.12853284151023722
2021-01-26,-0.001674351942164842,1.4683187173108678,1.470781322875324,-0.001674351942164809,0.12901574663298532
2021-01-27,-0.016070371595288874,1.4447222899033643,1.470781322875324,-0.0177178160795618,0.13953148194963533
2021-01-28,0.0040827017176004905,1.4506206600778082,1.470781322875324,-0.013707450920101727,0.1395968375363708
2021-01-29,-0.016998953543443603,1.425961626867986,1.470781322875324,-0.030473392142155498,0.14465464601407677
2021-02-01,0.015796966103977638,1.4484874943531925,1.470781322875324,-0.015157813180920576,0.15093527369541304
2021-02-02,0.010070180631149523,1.4630740250632903,1.470781322875324,-0.005240274466476125,0.15304227890897182
2021-02-03,0.001565113780724531,1.4653639023821368,1.470781322875324,-0.0036833623115340997,0.15151657915866582
2021-02-04,0.008040116653473005,1.4771455990970774,1.4771455990970774,0.0,0.1505507796507555
2021-02-05,-0.0005069645082178052,1.476396738704865,1.4771455990970774,-0.0005069645082177443,0.15067763937413176
2021-02-08,0.014926766956150018,1.4984345687583325,1.4984345687583325,0.0,0.15519506196399865
2021-02-09,-0.002337054204764216,1.4949326459488517,1.4984345687583325,-0.002337054204764266,0.1556950114723676
2021-02-10,0.005030706586378902,1.5024532134570192,1.5024532134570192,0.0,0.1548693821354984
2021-02-11,0.004174328147466688,1.5087249461962047,1.5087249461962047,0.0,0.15443813589703928
2021-02-12,-0.0006992561512037814,1.5076699609971023,1.5087249461962047,-0.0006992561512038087,0.15462236177471844
2021-02-16,0.0009734618045023566,1.5091376201179285,1.5091376201179285,0.0,0.15465033086767746
2021-02-17,-0.006131386077725309,1.4998845147245659,1.5091376201179285,-0.006131386077725343,0.15354735678354944
2021-02-18,-0.0030775325332529245,1.4952685713343787,1.5091376201179285,-0.009190049070850193,0.15346748175591518
2021-02-19,0.0006721966241929776,1.4962736858202914,1.5091376201179285,-0.008524029966618829,0.14687844810961576
2021-02-22,-0.013620417431973373,1.4758938136269417,1.5091376201179285,-0.02202834655224417,0.13723677398371
2021-02-23,-0.002263989807690703,1.4725524050756567,1.5091376201179285,-0.024242464407860265,0.13743703778535474
2021-02-24,0.008118095150898013,1.4845067256147446,1.5091376201179285,-0.01632117188971749,0.13897145898639193
2021-02-25,-0.03146956609145597,1.4377899430998005,1.5091376201179285,-0.04727711778370003,0.1680489054929076
2021-02-26,0.0030213750324337867,1.4421340457357665,1.5091376201179285,-0.04439858465454338,0.1675598219535908
2021-03-01,0.01916129756064978,1.4697672053084534,1.5091376201179285,-0.02608802158573098,0.17412125295245162
2021-03-02,-0.011294171182112164,1.453167402893845,1.5091376201179285,-0.037087550186251206,0.17418885397509298
2021-03-03,-0.016381798028665944,1.429361907997797,1.5091376201179285,-0.05286178745838799,0.18003097227354328
2021-03-04,-0.014417683429366146,1.40875382050229,1.5091376201179285,-0.06651732637066865,0.17786099527186106
2021-03-05,0.010224920420495488,1.4231582162089949,1.5091376201179285,-0.056972540318897424,0.17813289766299586
2021-03-08,-0.02025104109837753,1.3943377806830528,1.5091376201179285,-0.07606982816179808,0.1867855751392121
2021-03-09,0.027671499368361996,1.4329211977005072,1.5091376201179285,-0.050503294995366654,0.20409500245980666
2021-03-10,0.0023446818823414203,1.4362809420715785,1.5091376201179285,-0.048277027273799455,0.20427579389067477
2021-03-11,0.012270937325042948,1.4539054554928925,1.5091376201179285,-0.03659849432467266,0.20219491229748446
2021-03-12,-0.0036966490213759364,1.4485308773136716,1.5091376201179285,-0.040159851557819426,0.20218393555681768
2021-03-15,0.00845302719188254,1.4607753482078856,1.5091376201179285,-0.032046296683177045,0.19694441362467907
2021-03-16,0.0025438054653117654,1.4644912765222495,1.5091376201179285,-0.029584010762510937,0.19190218769252693
2021-03-17,0.0013659410678398545,1.4664916853003447,1.5091376201179285,-0.0282584797099229,0.18975153220287772
2021-03-18,-0.01806948181201876,1.4399929404653333,1.5091376201179285,-0.04581734543678795,0.19687581678113328
2021-03-19,-0.0011795790551024149,1.438294354953265,1.5091376201179285,-0.046942879310852836,0.19520377961890076
2021-03-22,0.010437684554591948,1.4533068177269175,1.5091376201179285,-0.03699516972259176,0.19791226088076347
2021-03-23,-0.004238274696117911,1.4471473042156497,1.5091376201179285,-0.0410766487269959,0.19269915854102013
2021-03-24,-0.008214629589210196,1.4352595251504943,1.5091376201179285,-0.0489538488621476,0.1937799225698223
2021-03-25,-0.0007462187365078533,1.4341885076010756,1.5091376201179285,-0.04966353731941031,0.19286505239159316
2021-03-26,0.012736584258181348,1.452455170370252,1.5091376201179285,-0.03755949688885707,0.1966055570947583
2021-03-29,-0.003760627441034836,1.4469930275996845,1.5091376201179285,-0.041178877055220386,0.1967390668588629
2021-03-30,-0.004836358804931402,1.4399948501299784,1.5091376201179285,-0.045816080035528506,0.19687776739428053
2021-03-31,0.010488539614455178,1.4550982931601781,1.5091376201179285,-0.03580808419150505,0.19934841094111677
2021-04-01,0.016979326265663983,1.4798048818283553,1.5091376201179285,-0.0194367550702772,0.20584361571994855
2021-04-05,0.012796802895213854,1.4987416532244882,1.5091376201179285,-0.0068886804986201255,0.20929389086622882
2021-04-06,-0.0014010153945711369,1.4966418930958356,1.5091376201179285,-0.008280044745764381,0.20527085608501394
2021-04-07,0.007898124648572823,1.5084625573217825,1.5091376201179285,-0.0004473169226895113,0.20617280965852572
2021-04-08,0.009769924365090442,1.5232001224143872,1.5232001224143872,0.0,0.20673119515341506
2021-04-09,0.006907078764852172,1.533720985634536,1.533720985634536,0.0,0.1830109090418725
2021-04-12,0.005583475482935778,1.5422844791554906,1.5422844791554906,0.0,0.18325894361327866
2021-04-13,0.010060155716058422,1.557800101174255,1.557800101174255,0.0,0.1778016071986436
2021-04-14,-0.01245007866877746,1.538405367364406,1.557800101174255,-0.012450078668777453,0.17858255797001765
2021-04-15,0.019937922470288316,1.5690779743067929,1.5690779743067929,0.0,0.1771804844710892
2021-04-16,-0.0001409713217519759,1.568856779310823,1.5690779743067929,-0.00014097132175194815,0.16952965672603096
2021-04-19,-0.00776434805619855,1.5566756292259272,1.5690779743067929,-0.007904224827542383,0.1714727937570976
2021-04-20,-0.008031996429909666,1.544172416129457,1.5690779743067929,-0.015872734551856116,0.1603400521381565
2021-04-21,0.008018511908476555,1.556554381036932,1.5690779743067929,-0.00798149835440376,0.1438152130538836
2021-04-22,-0.013895609037713025,1.5349251099121033,1.5690779743067929,-0.021766199611448878,0.1517477778644478
2021-04-23,0.013639647894949557,1.5558609479564212,1.5690779743067929,-0.0084234350152107,0.1525819109942278
2021-04-26,0.0036757284206557885,1.5615798702614132,1.5690779743067929,-0.004778668854039769,0.15155411492600354
2021-04-27,-0.0015391232310688896,1.5591764064059244,1.5690779743067929,-0.00631043712486179,0.15093904938026545
2021-04-28,-0.004897068074041089,1.5515410134043157,1.5690779743067929,-0.011176602558725546,0.15233409719570237
2021-04-29,0.0026333492667545582,1.5556267627943035,1.5690779743067929,-0.008572685190123885,0.1523346408291334
2021-04-30,-0.00830520552818097,1.542706962804158,1.5690779743067929,-0.016806692805872325,0.14352261512514677
2021-05-03,0.0006658711244516835,1.5437342068241797,1.5690779743067929,-0.016152012772857827,0.14322886397556647
2021-05-04,-0.011855022015625308,1.5254332038160052,1.5690779743067929,-0.027815552321464154,0.1468844763928569
2021-05-05,0.003225128796432924,1.5303529223686672,1.5690779743067929,-0.024680132263811938,0.14587069965215502
2021-05-06,0.011021879747984886,1.5472202882509918,1.5690779743067929,-0.013930273965803153,0.14492462475666837
2021-05-07,0.007801904908946178,1.5592915538131182,1.5690779743067929,-0.006237051729693799,0.14535361824378687
2021-05-10,-0.015250675072236888,1.535511304983031,1.5690779743067929,-0.021392607552592424,0.15129355915164436
2021-05-11,-0.006089268035252893,1.5261611650758282,1.5690779743067929,-0.027351610266484694,0.1521983698606085
2021-05-12,-0.021212805222864513,1.4937870055423748,1.5690779743067929,-0.047984211108234476,0.1652635489182057
2021-05-13,0.011027075330630843,1.510259107380408,1.5690779743067929,-0.037486261288175116,0.16553157852728673
2021-05-14,0.01972762351183378,1.5400529304561268,1.5690779743067929,-0.0184981526259006,0.1679683126448758
2021-05-17,-0.0029531312055209808,1.5355049520890427,1.5690779743067929,-0.021396656359657595,0.16484372241444115
2021-05-18,-0.008454959952212043,1.5225223192127066,1.5690779743067929,-0.02967070843923747,0.16693901299321995
2021-05-19,-0.0011293987898905625,1.5208027843478065,1.5690779743067929,-0.03076659716692154,0.16556606645614128
2021-05-20,0.01422604745220876,1.5424377969233893,1.5690779743067929,-0.01697823678595256,0.16825706634131782
2021-05-21,0.002789875677025433,1.5467410066163507,1.5690779743067929,-0.01423572827877495,0.16730937531744122
2021-05-24,0.015032304359185046,1.5699920881926401,1.5699920881926401,0.0,0.17205864236431956
2021-05-25,0.0005092960546240089,1.5707916789689476,1.5707916789689476,0.0,0.16973073512480355
2021-05-26,0.00033683179831690553,1.571320771554956,1.571320771554956,0.0,0.16535239577917601
2021-05-27,-0.0031042905096036856,1.5664429353962748,1.571320771554956,-0.003104290509603702,0.1553084594118813
2021-05-28,0.007222798197280661,1.577757036606198,1.577757036606198,0.0,0.15671444202559726
2021-06-01,-0.00039687791511106024,1.5771308596829579,1.577757036606198,-0.0003968779151111157,0.15489036986414284
2021-06-02,0.006662972374683568,1.5876392390322864,1.5876392390322864,0.0,0.1537229578509847
2021-06-03,-0.004051629926767891,1.5812067123785123,1.5876392390322864,-0.004051629926767886,0.1528927459257349
2021-06-04,0.015853962872088,1.6062751048896575,1.6062751048896575,0.0,0.15274823973317184
2021-06-07,0.001362356930602915,1.6084634249112588,1.6084634249112588,0.0,0.14839413425097336
2021-06-08,-0.001272808546883475,1.6064161589166823,1.6084634249112588,-0.001272808546883497,0.1483556613334681
2021-06-09,-0.0012269327723324172,1.604445194285303,1.6084634249112588,-0.0024981796686968094,0.1483122355780662
2021-06-10,0.0011530556560800933,1.6062952088914444,1.6084634249112588,-0.0013480045528135864,0.1472558562111574
2021-06-11,0.004240429097360004,1.6131065898341779,1.6131065898341779,0.0,0.1474654618822194
2021-06-14,0.003028703441673502,1.617992211314595,1.617992211314595,0.0,0.14471556041167657
2021-06-15,-0.006905764982794394,1.6068187373592646,1.617992211314595,-0.006905764982794382,0.14680255361972472
2021-06-16,-0.0016327229378187928,1.604195247549861,1.617992211314595,-0.008527212719722566,0.14169666495787175
2021-06-17,0.00510290110546237,1.6123812972519609,1.617992211314595,-0.003467825137474123,0.141974457778622
2021-06-18,-0.007675301334925789,1.6000057849287534,1.617992211314595,-0.011116509869493085,0.14174048766121705
2021-06-21,0.00722247154021794,1.6115617811745857,1.617992211314595,-0.003974327005433875,0.14151422106422878
2021-06-22,0.007965047021393357,1.624397946539522,1.624397946539522,0.0,0.1339447651439891
2021-06-23,0.0012488862218154094,1.6264266347537004,1.6264266347537004,0.0,0.13180712604112083
2021-06-24,0.0043076921579159435,1.6334327800136546,1.6334327800136546,0.0,0.11170958697951895
2021-06-25,-0.0011213897934656937,1.631601065165835,1.6334327800136546,-0.0011213897934656547,0.10966083742517371
2021-06-28,0.013193227058515578,1.6531271484874837,1.6531271484874837,0.0,0.10217315385854593
2021-06-29,0.0025740944635806173,1.657382453928,1.657382453928,0.0,0.10091209083626825
2021-06-30,0.002696655116554136,1.661851842802472,1.661851842802472,0.0,0.09534881116603508
2021-07-01,0.00524027411692497,1.670560402000474,1.670560402000474,0.0,0.09477170508062005
2021-07-02,0.010965529566813964,1.688878981481759,1.688878981481759,0.0,0.09188852561691524
2021-07-06,0.002546976542139451,1.6931805166301057,1.6931805166301057,0.0,0.09189706054577483
2021-07-07,0.00370099830456087,1.6994469748514691,1.6994469748514691,0.0,0.08462371567603949
2021-07-08,-0.010069262964913017,1.6823347963667636,1.6994469748514691,-0.010069262964913062,0.09217517864851064
2021-07-09,0.009211667729844152,1.6978319055212494,1.6994469748514691,-0.0009503499397860438,0.09409679007902433
2021-07-12,0.005103068604661597,1.7064960582143076,1.7064960582143076,0.0,0.09276949026041072
2021-07-13,-0.0023043631258272633,1.702563671623389,1.7064960582143076,-0.002304363125827269,0.0929985837512663
2021-07-14,0.0034052667716703185,1.7083613551210213,1.7083613551210213,0.0,0.09260102921721657
2021-07-15,-0.007310198046478016,1.695872895280137,1.7083613551210213,-0.007310198046478034,0.09617081455254137
2021-07-16,-0.014782445948075285,1.6708037458708525,1.7083613551210213,-0.021984581387061497,0.10670247733826611
2021-07-19,-0.006445352138804478,1.6600348273738812,1.7083613551210213,-0.028288235157202246,0.1006944330599764
2021-07-20,0.008375938428258062,1.6739391768767287,1.7083613551210213,-0.02014923724486506,0.10287090257266264
2021-07-21,0.009915405964899003,1.6905369633760101,1.7083613551210213,-0.010433619147132034,0.10546885188974105
2021-07-22,0.005058612659860752,1.6990887350609067,1.7083613551210213,-0.005427786125177025,0.10551386027612279
2021-07-23,0.004160434219691506,1.7061576819765465,1.7083613551210213,-0.001289933852617886,0.10568040181784918
2021-07-26,-0.0009485840902143437,1.7045392479440264,1.7083613551210213,-0.002237294332102291,0.10580896906706792
2021-07-27,-0.004081965631417017,1.6975813773165174,1.7083613551210213,-0.006310127404948407,0.10712584239781055
2021-07-28,0.000983727172264526,1.699251334244514,1.7083613551210213,-0.005332607676472478,0.10406371550708828
2021-07-29,0.004723366499960003,1.7072775210716968,1.7083613551210213,-0.0006344290369689753,0.10382591940040325
2021-07-30,-0.004335153364773264,1.699876211181621,1.7083613551210213,-0.004966832054567938,0.10504908634212454
2021-08-02,0.001279737508805434,1.7020516065293962,1.7083613551210213,-0.0036934507870426403,0.10117671676505353
2021-08-03,0.006917674897276492,1.713825846201754,1.713825846201754,0.0,0.10104594055341437
2021-08-04,0.0003653284228483489,1.7144519554951836,1.7144519554951836,0.0,0.09958492665644508
2021-08-05,0.006629738857771471,1.7258183242443121,1.7258183242443121,0.0,0.1005337502594174
2021-08-06,-0.0022940899782622707,1.7218591417223619,1.7258183242443121,-0.0022940899782623037,0.10103563355765488
2021-08-09,-0.0036167281259983867,1.7156316453354872,1.7258183242443121,-0.0059025210045127174,0.10191302073198678
2021-08-10,-0.0024816999621588894,1.7113739623461797,1.7258183242443121,-0.008369572680517967,0.09652936575382344
2021-08-11,0.0023552649469199658,1.7154047014507654,1.7258183242443121,-0.006034020294752973,0.09650384194141272
2021-08-12,0.007226097449974145,1.7278003829895923,1.7278003829895923,0.0,0.09800945278224615
2021-08-13,0.005615634185464441,1.7375030778859673,1.7375030778859673,0.0,0.09814597818309602
2021-08-16,0.001387788460704764,1.7399143646078963,1.7399143646078963,0.0,0.09380378831295151
2021-08-17,-0.00870930259278387,1.7247609239209947,1.7399143646078963,-0.008709302592783907,0.09778927982829566
2021-08-18,-0.011106655797988212,1.7056045980051842,1.7399143646078963,-0.01971922716463348,0.10303127220034006
2021-08-19,0.008935864124431597,1.7208456489429644,1.7399143646078963,-0.01095957137478376,0.10137594563418943
2021-08-20,0.015212451582475014,1.747023930058422,1.747023930058422,0.0,0.1070489255060092
2021-08-23,0.014740947702830654,1.772776718447007,1.772776718447007,0.0,0.11371575258315955
2021-08-24,-0.0017958890280698524,1.7695930081891302,1.772776718447007,-0.0017958890280698192,0.11358534304901165
2021-08-25,0.003312421592560899,1.7754546462795007,1.7754546462795007,0.0,0.11357079748909212
2021-08-26,-0.003274953011423965,1.769640115739021,1.7754546462795007,-0.0032749530114239978,0.1114925987413432
2021-08-27,0.010431316296434756,1.788099791517154,1.788099791517154,0.0,0.10324881522701257
2021-08-30,0.0050898751093296935,1.797200996138995,1.797200996138995,0.0,0.10013943949250542
2021-08-31,-0.0053200763690382505,1.787639749589024,1.797200996138995,-0.005320076369038196,0.1012185744222407
2021-09-01,0.0010861724003175975,1.789581434546738,1.797200996138995,-0.004239682488840324,0.09858018550714996
2021-09-02,0.001964198044513671,1.7930965269009729,1.797200996138995,-0.0022838120203805268,0.09813053134404053
2021-09-03,0.0028281259477906215,1.7981676297155949,1.7981676297155949,0.0,0.09792959840770239
2021-09-07,-0.003123711316478717,1.7925506731417264,1.7981676297155949,-0.0031237113164788166,0.09865466351054174
2021-09-08,-0.0041179233535622636,1.7851690868623522,1.7981676297155949,-0.007228771466261219,0.09867302380298364
2021-09-09,-0.0021231732734376283,1.781378863568559,1.7981676297155949,-0.00933659680532184,0.099277199377998
2021-09-10,-0.008395278896162367,1.7664236911891722,1.7981676297155949,-0.017653492367362578,0.10289794534651557
2021-09-13,0.0028941610155312713,1.7715360057731229,1.7981676297155949,-0.014810423401228845,0.10167137372723664
2021-09-14,-0.0012517376261450997,1.769318507498626,1.7981676297155949,-0.016043622263143376,0.10196108264783098
2021-09-15,0.005880322991085307,1.7797226717968229,1.7981676297155949,-0.010257640952912372,0.10150888159273352
2021-09-16,-0.003815295277315389,1.7729325042921853,1.7981676297155949,-0.01403380030114365,0.10255333865663467
2021-09-17,-0.010664002592954835,1.7540259474692794,1.7981676297155949,-0.02454814641129821,0.10667278697155852
2021-09-20,-0.01725114464035348,1.7237669921465537,1.7981676297155949,-0.04137580742725788,0.11832491670955939
2021-09-21,0.0021254850014326586,1.727430833034326,1.7981676297155949,-0.03933826608393398,0.11794261914180382
2021-09-22,0.014407928200385778,1.7523195324478171,1.7981676297155949,-0.02549712079681321,0.12451219243562725
2021-09-23,0.009284708560719045,1.7685893086118505,1.7981676297155949,-0.01644914557182997,0.1268532299186044
2021-09-24,-0.0017340347775385342,1.7655225132435348,1.7981676297155949,-0.018154656958886184,0.12571494183231313
2021-09-27,-0.004144855765787275,1.75820467707489,1.7981676297155949,-0.022224264290101492,0.12561532880139634
2021-09-28,-0.023023957979711733,1.7177238464701852,1.7981676297155949,-0.044736531742667895,0.14274674042687407
2021-09-29,-0.00015015629303171676,1.717465919424947,1.7981676297155949,-0.044879970563930005,0.1405499405828998
2021-09-30,-0.003743973715495097,1.7110357721653615,1.7981676297155949,-0.04845591484928158,0.1371191834096759
2021-10-01,0.011823570392493243,1.7312663240616326,1.7981676297155949,-0.03720526637694155,0.13897137216463518
2021-10-04,-0.016630231691350566,1.7024749639730548,1.7981676297155949,-0.05321676586830515,0.1397983179158124
2021-10-05,0.013682246954084966,1.725768646863281,1.7981676297155949,-0.040262643846928126,0.13880423413465712
2021-10-06,0.007014796186830674,1.7378745621866496,1.7981676297155949,-0.03353028190062646,0.1406240713475277
2021-10-07,0.0060763050816894145,1.7484344182202032,1.7981676297155949,-0.027657717041240315,0.14151158866904945
2021-10-08,-0.003052285978337676,1.7430976963614269,1.7981676297155949,-0.030625583757660002,0.141474737361604
2021-10-11,-0.006434360594028792,1.7318819772324165,1.7981676297155949,-0.036862888302389374,0.138602321358288
2021-10-12,-0.0017106108339073338,1.728919401159114,1.7981676297155949,-0.03851044108019752,0.13739032915596155
2021-10-13,0.0025819590427598686,1.7333834002411397,1.7981676297155949,-0.03602791441902542,0.13726692640243102
2021-10-14,0.01835659528568936,1.7652024177942984,1.7981676297155949,-0.01833266897731345,0.14822612065723625
2021-10-15,0.004882862701737122,1.7738216588411626,1.7981676297155949,-0.013539322181148838,0.14887315491533534
2021-10-18,0.006518645645825804,1.7853845736740388,1.7981676297155949,-0.0071089345789068226,0.14993127003694223
2021-10-19,0.0054840393986904205,1.7951756930178813,1.7981676297155949,-0.001663880857529887,0.15054427992132408
2021-10-20,0.00185351614446676,1.7985030801470443,1.7985030801470443,0.0,0.15008720048331908
2021-10-21,0.004989006849821093,1.8074758243333222,1.8074758243333222,0.0,0.15050784980410042
2021-10-22,0.0021832395838505053,1.8114219770998596,1.8114219770998596,0.0,0.14816209673948508
2021-10-25,0.0032318156976261,1.8172761590804758,1.8172761590804758,0.0,0.1482051878523166
2021-10-26,0.012363421628224867,1.8397439104501088,1.8397439104501088,0.0,0.15170553573982534
2021-10-27,0.002302369817474497,1.8439796813014115,1.8439796813014115,0.0,0.1511296161619149
2021-10-28,0.011131120484409307,1.8645052413047802,1.8645052413047802,0.0,0.15299321550684936
2021-10-29,0.0038504517195035283,1.8716844287171854,1.8716844287171854,0.0,0.14849704437635652
2021-11-01,-0.00026676378312318045,1.8711851310981682,1.8716844287171854,-0.0002667637831230696,0.13685884961057498
2021-11-02,0.0077428737571452405,1.8856734813445086,1.8856734813445086,0.0,0.13759356137877762
2021-11-03,0.002389796261365651,1.8901798567803823,1.8901798567803823,0.0,0.13324654851209833
2021-11-04,0.019791684604338885,1.927589700351254,1.927589700351254,0.0,0.14110143569896857
2021-11-05,0.0034032111481921206,1.9341496951086297,1.9341496951086297,0.0,0.14041544948345272
2021-11-08,0.006129924014559807,1.9460058857724296,1.9460058857724296,0.0,0.13896974495771894
2021-11-09,-0.0008119802571483923,1.944425767412888,1.9460058857724296,-0.0008119802571483481,0.1150937957961019
2021-11-10,-0.013530017051385065,1.9181176536246392,1.9460058857724296,-0.014331011201808797,0.12551504746329437
2021-11-11,0.005896507852731653,1.9294278494316999,1.9460058857724296,-0.00851900626916624,0.1236290615313787
2021-11-12,0.004674699310172298,1.9384473444684653,1.9460058857724296,-0.00388413075172378,0.12143545377288034
2021-11-15,-0.003692869101349183,1.9312889121654855,1.9460058857724296,-0.007562656266634327,0.10750920171044448
2021-11-16,0.002157860528156191,1.935456364277513,1.9460058857724296,-0.005421114895923895,0.10383436729735483
2021-11-17,-0.0016899985919678945,1.9321854457470686,1.9460058857724296,-0.007101951811350871,0.10459125840297102
2021-11-18,0.01704555903890641,1.965120626836666,1.965120626836666,0.0,0.11148875169396277
2021-11-19,0.007532804479924832,1.9799234962980938,1.9799234962980938,0.0,0.10994190941334656
2021-11-22,-0.006454904725532163,1.967143278765647,1.9799234962980938,-0.006454904725532118,0.1099593196098114
2021-11-23,-3.0550142514018446e-05,1.9670831822581354,1.9799234962980938,-0.006485257669786915,0.10926988470637466
2021-11-24,0.005846818379298768,1.9785843603617719,1.9799234962980938,-0.0006763574142262252,0.10922471888005947
2021-11-26,-0.020395292268751412,1.9382305540538132,1.9799234962980938,-0.02105785517583625,0.12318142896757514
2021-11-29,0.01622464415486677,1.9696776550834265,1.9799234962980938,-0.005174867227862201,0.12882383075978135
2021-11-30,-0.006377132042102356,1.957116760596581,1.9799234962980938,-0.011518998458352137,0.13161490083016242
2021-12-01,-0.008484981978967927,1.9405106601521827,1.9799234962980938,-0.019906241942985292,0.13558256053792114
2021-12-02,0.007898191657273412,1.9558371852590466,1.9799234962980938,-0.012165273599753723,0.13640969635733372
2021-12-03,-0.013822467306560194,1.9288026897088486,1.9799234962980938,-0.025819586809705974,0.14448505946049459
2021-12-06,0.004017443966731593,1.936551546437635,1.9799234962980938,-0.02190587158622659,0.14458009283177142
2021-12-07,0.027207822792844647,1.9892408977423197,1.9892408977423197,0.0,0.16165787176322835
2021-12-08,-0.0022013348986776537,1.9848619123322426,1.9892408977423197,-0.002201334898677687,0.15988232031505786
2021-12-09,-0.009215167529897483,1.9665710772863882,1.9892408977423197,-0.01139621675869451,0.1635016511538899
2021-12-10,0.008481624033425698,1.9832507937989405,1.9892408977423197,-0.003011251151219363,0.16242063044324237
2021-12-13,-0.016419421686755448,1.9506869627049632,1.9892408977423197,-0.019381229835518266,0.1709352131254549
2021-12-14,-0.006553053140464643,1.937904007377946,1.9892408977423197,-0.025807276746943164,0.17244334839997869
2021-12-15,0.019862039753338945,1.9763947338106416,1.9892408977423197,-0.006457822150277459,0.1798420910404737
2021-12-16,-0.01863300836421564,1.939568554204556,1.9892408977423197,-0.024970501860352434,0.18915020805494653
2021-12-17,-0.009202203017900791,1.9217202506016293,1.9892408977423197,-0.03394292125067544,0.18257667913504852
2021-12-20,-0.009460164081028849,1.903540461713102,1.9892408977423197,-0.04308197972728345,0.18426853181939704
2021-12-21,0.018885457147662398,1.9394896935316264,1.9892408977423197,-0.025010145461597078,0.19179139663464093
2021-12-22,0.010671758082827963,1.960187458345134,1.9892408977423197,-0.014605289600751581,0.1942624910905271
2021-12-23,0.003579953552695703,1.9672048384005862,1.9892408977423197,-0.011077622306450263,0.18992693431202798
2021-12-27,0.01769641702772956,2.0020173155998906,2.0020173155998906,0.0,0.19561210790890682
2021-12-28,-0.004946132866924973,1.9921150719550489,2.0020173155998906,-0.004946132866925024,0.19615856336292672
2021-12-29,-0.002146913812967466,1.9878381725900478,2.0020173155998906,-0.007082427758919763,0.19588923573016612
2021-12-30,-0.0032876122322154366,1.981302931498176,2.0020173155998906,-0.01034675571500121,0.19625364812297136
2021-12-31,-0.002491469954971026,1.9763665747726522,2.0020173155998906,-0.012812447038976993,0.19635765922093204
2022-01-03,0.006839434669381853,1.9898838048435599,2.0020173155998906,-0.006060642264072991,0.19119271268751523
2022-01-04,-0.0026738378076518396,1.984563178293335,2.0020173155998906,-0.008718274897300593,0.19021037471587934
2022-01-05,-0.0258088949096002,1.9333437957833002,2.0020173155998906,-0.03430216076628334,0.20383108151026338
2022-01-06,-0.00012991096122871366,1.9330926332324043,2.0020173155998906,-0.03442761550083473,0.20382930512943764
2022-01-07,-0.004299363706775389,1.92478156492325,2.0020173155998906,-0.03857896236701497,0.20320370640294025
2022-01-10,0.0014142288199599064,1.927503646484492,2.0020173155998906,-0.03721929302747873,0.19461478202632942
2022-01-11,0.008986028489880782,1.9448242491661507,2.0020173155998906,-0.02856771816511605,0.190420085588284
2022-01-12,0.004206342401476748,1.9530048458688383,2.0020173155998906,-0.02448154136787073,0.18998103010745312
2022-01-13,-0.019225772496110096,1.9154568190183634,2.0020173155998906,-0.04323663731928806,0.1965846974193862
2022-01-14,-0.005441074225375781,1.9050346762905823,2.0020173155998906,-0.048442457791753935,0.19551461305979667
2022-01-18,-0.02367329183479629,1.8599362344433488,2.0020173155998906,-0.07096895718605123,0.20314999210308868
2022-01-19,-0.009774460115077216,1.8417563619031954,2.0020173155998906,-0.08004973405970472,0.20404276163332047
2022-01-20,-0.011020777667745695,1.8214587745205042,2.0020173155998906,-0.09018830140601619,0.18648159189387514
2022-01-21,-0.015187426467564772,1.7937955033187734,2.0020173155998906,-0.1040059996777426,0.18984713838697354
2022-01-24,-0.00012748149476654027,1.793566827586705,2.0020173155998906,-0.10412022233220541,0.18921219613440612
2022-01-25,-0.01307035213280428,1.77012427757643,2.0020173155998906,-0.11582968649498182,0.18815930181763796
2022-01-26,0.0052947309025195505,1.779496609290214,2.0020173155998906,-0.11114824261297651,0.1859299976851738
2022-01-27,-0.007400954066809096,1.7663266366228147,2.0020173155998906,-0.11772659364160032,0.1860873444320249
2022-01-28,0.026849260103339618,1.8137511999169578,2.0020173155998906,-0.09403820547202424,0.19446617124456356
2022-01-31,0.021766069573586764,1.853229434723527,2.0020173155998906,-0.0743189780213167,0.20099810467544324
2022-02-01,0.0033911150180223836,1.859513948891459,2.0020173155998906,-0.0711798872057865,0.20008345778421444
2022-02-02,0.00846054270774561,1.8752464460717038,2.0020173155998906,-0.06332156497367802,0.20025539891622857
2022-02-03,-0.022904699646392048,1.8322944894614672,2.0020173155998906,-0.08477590319320849,0.20186461764802582
2022-02-04,0.007921371851421914,1.8468087754538027,2.0020173155998906,-0.0775260727950201,0.2005392598077266
2022-02-07,0.00010566028783529705,1.847003909800594,2.0020173155998906,-0.07742860393435103,0.1999652273805898
2022-02-08,0.010979311452908515,1.8672827409810342,2.0020173155998906,-0.06729940523940181,0.19509771804385237
2022-02-09,0.018140505208933063,1.9011561932703513,2.0020173155998906,-0.050379745241772245,0.203610176796099
2022-02-10,-0.01892889766267447,1.8651694022471772,2.0020173155998906,-0.06835500986249354,0.20980521331592691
2022-02-11,-0.020072995758346604,1.8277298647472717,2.0020173155998906,-0.08705591579780858,0.21621730907699038
2022-02-14,-0.0005715829206047577,1.826685165573103,2.0020173155998906,-0.08757773904380572,0.21629695183335085
2022-02-15,0.023359738449705916,1.8693560532708484,2.0020173155998906,-0.06626379367217972,0.2275247734189365
2022-02-16,0.001823901861131183,1.8727655752555261,2.0020173155998906,-0.06456075046765275,0.22777908617773615
2022-02-17,-0.024537962926507877,1.8268117229998657,2.0020173155998906,-0.0875145240926779,0.22664347600623214
2022-02-18,-0.007754654369107755,1.8126454294905676,2.0020173155998906,-0.09459053357516989,0.22723505684074718
2022-02-22,-0.006323349292021719,1.801183439297312,2.0020173155998906,-0.10031575388367708,0.22748526769901634
2022-02-23,-0.021811871351830162,1.7618962578383122,2.0020173155998906,-0.11993955091723463,0.23421815929534698
2022-02-24,0.017539414023282237,1.79279888577061,2.0020173155998906,-0.10450380633525624,0.23924320349129521
2022-02-25,0.013615037203398104,1.8172079092985876,2.0020173155998906,-0.09231159234300934,0.24309216733868816
2022-02-28,-0.0011299456662679118,1.8151545630967678,2.0020173155998906,-0.09333723092556301,0.23773310075694548
2022-03-01,-0.014990288792692503,1.7879448719925737,2.0020173155998906,-0.1069283676715711,0.24063814024226254
2022-03-02,0.01285801582720333,1.8109342954548213,2.0020173155998906,-0.0954452384882658,0.23528156344912027
2022-03-03,-0.006012604222899997,1.8000458642625754,2.0020173155998906,-0.1008839682671755,0.2342828797913849
2022-03-04,-0.013279158810461742,1.7761427693649179,2.0020173155998906,-0.11282347284158778,0.2352403842814484
2022-03-07,-0.030548367623531865,1.7218845070944804,2.0020173155998906,-0.1399252675401913,0.24734347709011367
2022-03-08,-0.003101885832635759,1.7165434179364891,2.0020173155998906,-0.1425931211678163,0.24737688871455937
2022-03-09,0.030007156366832367,1.768052004688966,2.0020173155998906,-0.11686477888470137,0.26077637786206215
2022-03-10,-0.011714966645156514,1.7473393344271329,2.0020173155998906,-0.12721067854322987,0.26248143476047786
2022-03-11,-0.016469388308475368,1.7185617244217795,2.0020173155998906,-0.1415849847897922,0.2658547582651891
2022-03-14,-0.014969122035937678,1.6928363642426183,2.0020173155998906,-0.15443470390995517,0.2555186812860783
2022-03-15,0.026832064523997546,1.7382586587965454,2.0020173155998906,-0.1317464413260141,0.2600249029265558
2022-03-16,0.030823197576543716,1.791837348875769,2.0020173155998906,-0.10498409034046874,0.2765966842781119
2022-03-17,0.00718673211331391,1.8047148038927698,2.0020173155998906,-0.0985518507605917,0.27623895218349176
2022-03-18,0.018481972846021395,1.838069493893129,2.0020173155998906,-0.08189131054425258,0.2739246925872972
2022-03-21,0.0001479770949997625,1.838341486077243,2.0020173155998906,-0.08175545148749297,0.27295740664450296
2022-03-22,0.007922954029906193,1.8529065811627023,2.0020173155998906,-0.07448024214141635,0.2739249132775732
2022-03-23,-0.008057822982439716,1.8379761879286958,2.0020173155998906,-0.08193791651699134,0.27300057932835764
2022-03-24,0.024367438081247212,1.8827629588828552,2.0020173155998906,-0.05956709554297823,0.2772360012600868
2022-03-25,-0.0015963127029501316,1.8797574804549464,2.0020173155998906,-0.06106832053463529,0.2715413500793988
2022-03-28,0.006425067681987905,1.8918350494925924,2.0020173155998906,-0.055035620945307784,0.26496075228535126
2022-03-29,0.01107119654492802,1.9127799271561083,2.0020173155998906,-0.044573734576837554,0.26639703837703443
2022-03-30,-0.007122188012225721,1.899156748888891,2.0020173155998906,-0.051378460071,0.25938988527237294
2022-03-31,-0.01480798545850163,1.8710340633679292,2.0020173155998906,-0.06542563403988999,0.2631903427506014
2022-04-01,-0.003673616688101622,1.8641606014087342,2.0020173155998906,-0.0688589020269531,0.25296506219818454
2022-04-04,0.012051557540141832,1.886626640160677,2.0020173155998906,-0.05763720150674001,0.25365889599176533
2022-04-05,-0.01978115146417648,1.8493069928353083,2.0020173155998906,-0.07627822275794038,0.2601614692615101
2022-04-06,-0.021730360829120453,1.8091208845971813,2.0020173155998906,-0.09635103028312675,0.2600994391628486
2022-04-07,0.0001609857978594919,1.8094121273662125,2.0020173155998906,-0.09620555563275202,0.2553365457295396
2022-04-08,-0.008969167931602219,1.7931832061383874,2.0020173155998906,-0.10431183977993086,0.25358806573973425
2022-04-11,-0.022596507173563894,1.752663528957367,2.0020173155998906,-0.12455126371761993,0.2616862322013603
2022-04-12,-0.004538866407371827,1.7447084233423569,2.0020173155998906,-0.1285248085781081,0.25857808552346645
2022-04-13,0.008421975950816486,1.759402315724933,2.0020173155998906,-0.12118526547421982,0.25687274774988844
2022-04-14,-0.021160867548203635,1.7221718363578749,2.0020173155998906,-0.13978174767092966,0.2631996887270979
2022-04-18,0.006552823346497316,1.733456924173841,2.0020173155998906,-0.1341448894239845,0.261654420390714
2022-04-19,0.011605280227503111,1.753574177541184,2.0020173155998906,-0.12409639822933416,0.2480066279810789
2022-04-20,-0.001553303920258996,1.7508503438967442,2.0020173155998906,-0.12545694272773356,0.24783950702150148
2022-04-21,-0.01795323435364386,1.719416917354608,2.0020173155998906,-0.14115781918729475,0.23744979378127226
2022-04-22,-0.024157310037020516,1.6778804297991747,2.0020173155998906,-0.16190513602205803,0.24502740770922055
2022-04-25,0.007962513249129255,1.6912405749519053,2.0020173155998906,-0.15523179456360658,0.24204210776166332
2022-04-26,-0.028676105841011924,1.6427423812219706,2.0020173155998906,-0.1794564570338223,0.25224594737156003
2022-04-27,0.0005915689798431211,1.643714176656575,2.0020173155998906,-0.17897104892719295,0.23827439367052808
2022-04-28,0.029415714938056038,1.6920652043167463,2.0020173155998906,-0.15481989534654417,0.23663150428243732
2022-04-29,-0.0346670492193452,1.6334062965963563,2.0020173155998906,-0.18411979563377678,0.2533219285668902
2022-05-02,0.011011980767352969,1.6513933353197485,2.0020173155998906,-0.17513533851483198,0.24864933980134613
2022-05-03,0.0056237403518061835,1.6606803426562902,2.0020173155998906,-0.1704965138332588,0.24984041058092785
2022-05-04,0.028703878729494925,1.7083483098203522,2.0020173155998906,-0.1466865463606355,0.26473995893141256
2022-05-05,-0.03986459016079984,1.6402457045974688,2.0020173155998906,-0.1807035374686654,0.2856908721250757
2022-05-06,-0.004796968014514114,1.6323774984165704,2.0020173155998906,-0.18463367639383288,0.27308164386345085
2022-05-09,-0.03360241248930755,1.5775256763765129,2.0020173155998906,-0.2120319519295375,0.2854939646837773
2022-05-10,0.007782836700526612,1.589803301106639,2.0020173155998906,-0.20589932528617239,0.2860203861904973
2022-05-11,-0.022363999238242005,1.5542489412917355,2.0020173155998906,-0.22365859217055994,0.28547739175768416
2022-05-12,-0.013187436473923016,1.5337523821137886,2.0020173155998906,-0.23389654516838665,0.2860889432208518
2022-05-13,0.026201590335507983,1.5739391337060435,2.0020173155998906,-0.21382341629027135,0.3006095986544612
2022-05-16,-0.0061336163368520815,1.5642851949223333,2.0020173155998906,-0.21864552182776398,0.3005590868625776
2022-05-17,0.022047590753855748,1.5987739147222964,2.0020173155998906,-0.20141853805932997,0.30700347724252147
2022-05-18,-0.03396011446408206,1.5444793695761385,2.0020173155998906,-0.2285384559157292,0.315440972650604
2022-05-19,-0.004342939359047837,1.537771789332769,2.0020173155998906,-0.23188886661952457,0.3118123455877111
2022-05-20,-0.0037859055365585753,1.5319499306015705,2.0020173155998906,-0.234796862812082,0.3114306507266825
2022-05-23,0.024498060126761888,1.5694797321126366,2.0020173155998906,-0.21605087034806547,0.322940115148947
2022-05-24,-0.006762104204408237,1.5588667466173842,2.0020173155998906,-0.221352016053727,0.31834311222461004
2022-05-25,0.012074032168109894,1.5776885538618393,2.0020173155998906,-0.2119505952479258,0.32158868360112836
2022-05-26,0.019104471977887973,1.6078294606289272,2.0020173155998906,-0.1968953274776486,0.32638333793749835
2022-05-27,0.025647655212871545,1.649066516276235,2.0020173155998906,-0.17629757573694926,0.33164528381716313
2022-05-31,-0.005793174811499064,1.639513185671657,2.0020173155998906,-0.18106942787336078,0.3310565450055748
2022-06-01,-0.006382229920922778,1.629049435562316,2.0020173155998906,-0.18629603107394577,0.32889861438315837
2022-06-02,0.021630307744193944,1.6642862761840342,2.0020173155998906,-0.16869536381340322,0.33610620203690006
2022-06-03,-0.02155395928371881,1.6284143175507115,2.0020173155998906,-0.18661327009413575,0.33779832340258115
2022-06-06,-0.001563842279113692,1.6258677343930117,2.0020173155998906,-0.18788527865163263,0.3309604225467114
2022-06-07,0.009892135001513336,1.641951037516232,2.0020173155998906,-0.17985173019133815,0.33145317667045204
2022-06-08,-0.00961924416824741,1.6261567095740561,2.0020173155998906,-0.18774093665279334,0.3219792601807197
2022-06-09,-0.021231262230516943,1.5916313500451746,2.0020173155998906,-0.20498622182583204,0.32771046407733156
2022-06-10,-0.033377971630502094,1.538505923997149,2.0020173155998906,-0.23152216915958768,0.3278247863478316
2022-06-13,-0.04167100683621963,1.4743948331206995,2.0020173155998906,-0.2635454141020217,0.33427650679558285
2022-06-14,-0.0009666744757290463,1.472969573268375,2.0020173155998906,-0.26425732595274287,0.3316458766595739
2022-06-15,0.021819591861640907,1.5051091681817061,2.0020173155998906,-0.24820372108983946,0.3388012248302411
2022-06-16,-0.025672089198044097,1.4664698713633515,2.0020173155998906,-0.2675039022207788,0.33107881361187813
2022-06-17,0.005455756226940677,1.474470573495663,2.0020173155998906,-0.26350758207411007,0.315117177399426
2022-06-21,0.021764180953068993,1.506561217867198,2.0020173155998906,-0.24747842781980756,0.3233555112204654
2022-06-22,-0.0008556917332237729,1.5052720658874736,2.0020173155998906,-0.24812235430819474,0.30959272684622324
2022-06-23,0.005921912959449744,1.5141861560419503,2.0020173155998906,-0.2436698003342519,0.3091609740090986
2022-06-24,0.02648123181135384,1.55428367064564,2.0020173155998906,-0.2236412449909757,0.3128233243895608
2022-06-27,-0.006755809921040851,1.5437832256033803,2.0020173155998906,-0.22888617717035264,0.31098342338870744
2022-06-28,-0.021625233285637997,1.5103985532072524,2.0020173155998906,-0.24556169347882395,0.3073788449434913
2022-06-29,0.0006825041853424916,1.5114294065413514,2.0020173155998906,-0.24504678617704057,0.307061001875128
2022-06-30,-0.013231487157128598,1.491430947759793,2.0020173155998906,-0.2550359399299721,0.3010525165102221
2022-07-01,0.002714494890348862,1.495479429446795,2.0020173155998906,-0.25301373879541844,0.2857427338390311
2022-07-05,0.007755998867375285,1.5070783662077674,2.0020173155998906,-0.2472201141995709,0.2866323807784972
2022-07-06,0.0014623103515962847,1.5092821825033398,2.0020173155998906,-0.24611931638009144,0.2865152929994649
2022-07-07,0.01801622739734976,1.536473753510088,2.0020173155998906,-0.23253723055352582,0.28221639021569317
2022-07-08,-0.0015951696198916179,1.534022817256728,2.0020173155998906,-0.23376146384774465,0.28162551451687273
2022-07-11,-0.013539934313771138,1.5132522490752458,2.0020173155998906,-0.2441362832959263,0.28156516687537547
2022-07-12,-0.007216137000875677,1.5023324135290357,2.0020173155998906,-0.24959069942965395,0.27530661637565346
2022-07-13,-0.0009590929646557502,1.5008915370806457,2.0020173155998906,-0.2503104117104432,0.26249433811856365
2022-07-14,-0.002009983284502365,1.4978747701792625,2.0020173155998906,-0.2518172752514707,0.2623735561483183
2022-07-15,0.018139642732239513,1.5250456833679498,2.0020173155998906,-0.23824550792609878,0.26906508600096496
2022-07-18,-0.005453024695542357,1.5167295715947142,2.0020173155998906,-0.242399373983318,0.2596307663693014
2022-07-19,0.02424414064111823,1.5535013766429995,2.0020173155998906,-0.2240319978563704,0.265003702026394
2022-07-20,0.011375273683431292,1.571172879969901,2.0020173155998906,-0.2152051494624012,0.26758905004541567
2022-07-21,0.011977695842304648,1.589991910841858,2.0020173155998906,-0.205805115444055,0.2683939154453054
2022-07-22,-0.01048215225110587,1.573325373554387,2.0020173155998906,-0.21412998714101983,0.26864814266457654
2022-07-25,-0.004954309191020134,1.5655306331957213,2.0020173155998906,-0.2180234301686742,0.26203670290977765
2022-07-26,-0.014417802315041476,1.5429591220081635,2.0020173155998906,-0.22929781376749658,0.24662177842583988
2022-07-27,0.03462447493158786,1.5963832714486,2.0020173155998906,-0.20261265524056926,0.23276896213054554
2022-07-28,0.010415929699396514,1.613011087377301,2.0020173155998906,-0.19430712471436673,0.23352336277329455
2022-07-29,0.012405358839343683,1.6330210687280564,2.0020173155998906,-0.18431221548214582,0.2285186577366543
2022-08-01,0.000801767329083903,1.6343303716686681,2.0020173155998906,-0.18365822366578666,0.2121269591104652
2022-08-02,-0.008789869062905598,1.6199648216961706,2.0020173155998906,-0.19083376099034421,0.2151023401764431
2022-08-03,0.019408588686031104,1.6514060526063112,2.0020173155998906,-0.17512898627878304,0.21344053145053837
2022-08-04,0.0027290953503486207,1.6559128971860169,2.0020173155998906,-0.17287783463059903,0.21310832996324156
2022-08-05,-0.0016679209159277289,1.6531509654298457,2.0020173155998906,-0.1742574089902461,0.21342296236522693
2022-08-08,-0.010854349466715223,1.6352070871298325,2.0020173155998906,-0.18322030764261688,0.20502177060822363
2022-08-09,-0.004381068773898533,1.6280431324215505,2.0020173155998906,-0.18679867564795827,0.2042774737598444
2022-08-10,0.023659677060123504,1.6665621071745962,2.0020173155998906,-0.16755859492892422,0.2011911461770241
2022-08-11,-0.0034371647449489007,1.660833858654548,2.0020173155998906,-0.17041983317867027,0.20202050717539946
2022-08-12,0.01998602968718749,1.6940273334591038,2.0020173155998906,-0.15383981933667723,0.20144665242574972
2022-08-15,0.004197499001823844,1.7011380115003607,2.0020173155998906,-0.15028806282295992,0.20138902672561876
2022-08-16,0.00033272738868802003,1.7017040267087251,2.0020173155998906,-0.15000534038896596,0.2014573380951598
2022-08-17,-0.007771978634808252,1.6884784193703777,2.0020173155998906,-0.1566114807231641,0.20427947538412364
2022-08-18,0.0019528523812128386,1.6917757684722716,2.0020173155998906,-0.1549644674450067,0.1998402378165118
2022-08-19,-0.02046799273661272,1.6571485143312037,2.0020173155998906,-0.172260648587522,0.21102276722738225
2022-08-22,-0.02234952523157152,1.6201120317976971,2.0020173155998906,-0.19076023010707988,0.2183186948260473
2022-08-23,-0.0015309805563795576,1.6176316717778583,2.0020173155998906,-0.19199916046023502,0.2167662387408878
2022-08-24,0.0008411974567120449,1.6189924194260545,2.0020173155998906,-0.19131947220899304,0.2165751649819832
2022-08-25,0.018006701367674596,1.6481451324391885,2.0020173155998906,-0.1767578034432069,0.2205915521178036
2022-08-26,-0.03742542550987665,1.5864625995556196,2.0020173155998906,-0.20756799294703043,0.24545929029868885
2022-08-29,-0.010342215057615678,1.5700550621701514,2.0020173155998906,-0.21576349518251026,0.24705490853336298
2022-08-30,-0.009490121341752672,1.5551550491169237,2.0020173155998906,-0.22320599477386027,0.239010093571146
2022-08-31,-0.010219659535162616,1.5392618939905598,2.0020173155998906,-0.2311445650362266,0.23838694796083174
2022-09-01,-0.012459274011938592,1.520083808277196,2.0020173155998906,-0.2407239455760085,0.23772573740213784
2022-09-02,-0.009373547330896676,1.50583523075338,2.0020173155998906,-0.2478410556093682,0.23737872774001628
2022-09-06,-0.008654710110202364,1.4928026633574798,2.0020173155998906,-0.254350773229865,0.23810779717111574
2022-09-07,0.0161141726810608,1.5168579432535696,2.0020173155998906,-0.24233525283019164,0.2401216970293022
2022-09-08,0.005001716611329998,1.524444836825369,2.0020173155998906,-0.23854562847845318,0.21672155119188893
2022-09-09,0.015107533607897494,1.5474754384310938,2.0020173155998906,-0.22704193096981107,0.2193633083814941
2022-09-12,0.011858060625590361,1.565825495996622,2.0020173155998906,-0.21787614732621163,0.21907195329271317
2022-09-13,-0.046234862941175285,1.4934297687994205,2.0020173155998906,-0.2540375364576082,0.2546625030627641
2022-09-14,0.001910120354993849,1.496282399399558,2.0020173155998906,-0.2526126583719346,0.25439106627344504
2022-09-15,-0.011123980481864026,1.4796377831932805,2.0020173155998906,-0.26092658057259743,0.24680019135711745
2022-09-16,-0.0017241538024159067,1.4770866600831896,2.0020173155998906,-0.26220085681896776,0.24615445574853964
2022-09-19,0.00896403052407085,1.4903273099908732,2.0020173155998906,-0.2555872027788596,0.24882561908449596
2022-09-20,-0.008050383738336626,1.4783296032497235,2.0020173155998906,-0.26158001145621845,0.24822082206758508
2022-09-21,-0.009912268396745583,1.4636760034434577,2.0020173155998906,-0.2688994285721863,0.24895895639717797
2022-09-22,-0.013599324489570025,1.443770998525033,2.0020173155998906,-0.27884190247754315,0.23686681144460345
2022-09-23,-0.012172837778726565,1.4261962083703579,2.0020173155998906,-0.28762044301149914,0.23782509500764595
2022-09-26,-0.011691612869373341,1.4095216744263235,2.0020173155998906,-0.2959493090078643,0.22640534684059263
2022-09-27,-0.0016616901498741736,1.407179486143895,2.0020173155998906,-0.29711922310609806,0.22474053908113836
2022-09-28,0.017356883109655125,1.4316037359991993,2.0020173155998906,-0.284919403621527,0.23425902434024326
2022-09-29,-0.02292309708040534,1.3987869445782188,2.0020173155998906,-0.3013112655526249,0.2395150227105347
2022-09-30,-0.015128281037273988,1.3776257025693697,2.0020173155998906,-0.3118812250849221,0.23961408241554644
2022-10-03,0.02820789532774647,1.4164856241882597,2.0020173155998906,-0.2924708427090603,0.25628283491336235
2022-10-04,0.031136127542741136,1.4605895012454446,2.0020173155998906,-0.2704411246274415,0.27141739590146635
2022-10-05,-0.0028482774114500396,1.4564293371616461,2.0020173155998906,-0.27251911069248813,0.271369335696138
2022-10-06,-0.009130582006047798,1.443131289662678,2.0020173155998906,-0.27916143461014287,0.27156961474108493
2022-10-07,-0.03581886154563321,1.3914399698060795,2.0020173155998906,-0.30498105138059495,0.2789200570609686
2022-10-10,-0.013888143072070407,1.3721154524292154,2.0020173155998906,-0.31463357397682123,0.26340350146229086
2022-10-11,-0.010489294982146095,1.3577229286991244,2.0020173155998906,-0.3218225845902376,0.2634312555657503
2022-10-12,0.0012154197601585146,1.3593731319754856,2.0020173155998906,-0.32099831435865533,0.26356617992613024
2022-10-13,0.0286513109276451,1.3983209542464021,2.0020173155998906,-0.30154402594294993,0.2796209281957097
2022-10-14,-0.02179895900050993,1.367839013095231,2.0020173155998906,-0.3167696390850808,0.28363467353799077
2022-10-17,0.030326699552539835,1.4093210558816125,2.0020173155998906,-0.2960495172044407,0.29922660464445683
2022-10-18,0.009678362852962396,1.4229609764367548,2.0020173155998906,-0.2892364290014273,0.3004166285918496
2022-10-19,-0.007621395529083664,1.412116028012879,2.0020173155998906,-0.2946534393036714,0.29622389718605724
2022-10-20,-0.0029533096159974626,1.4079456121684444,2.0020173155998906,-0.2967365460839867,0.29543637335007
2022-10-21,0.02391685101240049,1.4416192376082402,2.0020173155998906,-0.2799166988342111,0.30104312643537917
2022-10-24,0.00847941116199544,1.4538433198629628,2.0020173155998906,-0.2738108164527394,0.29983039256745364
2022-10-25,0.01957593169161448,1.48230365738291,2.0020173155998906,-0.259594986600429,0.27572831427785444
2022-10-26,-0.016352094952352226,1.4580648872291657,2.0020173155998906,-0.2717021596827365,0.2796218002431984
2022-10-27,-0.003859961878077095,1.4524368123486984,2.0020173155998906,-0.27451336158224693,0.2780597446960855
2022-10-28,0.029688232141625807,1.4955570936047495,2.0020173155998906,-0.25297494584525293,0.2914128172514153
2022-10-31,-0.011555584742127017,1.4782750568729106,2.0020173155998906,-0.26160725716303024,0.29234769705371083
2022-11-01,-0.0008944348153133331,1.476952836195434,2.0020173155998906,-0.2622677013395983,0.2913923309099168
2022-11-02,-0.02202132349907535,1.4444283799966975,2.0020173155998906,-0.27851354294411557,0.29707705016892444
2022-11-03,-0.010763325391607648,1.4288815273379203,2.0020173155998906,-0.2862791364470463,0.29608358098169374
2022-11-04,0.02129330759501987,1.4593071412163685,2.0020173155998906,-0.27108165856242994,0.3001614934952555
2022-11-07,0.007823619839441187,1.4707242055182272,2.0020173155998906,-0.2653788785650263,0.29834995324674257
2022-11-08,0.009015481301045892,1.4839834920920725,2.0020173155998906,-0.2587559155813759,0.298943613140462
2022-11-09,-0.02256594502390631,1.4504960021931383,2.0020173155998906,-0.2754827888396624,0.303416384968139
2022-11-10,0.07123676682328448,1.5538246476794773,2.0020173155998906,-0.22387052520877704,0.3578002257311353
2022-11-11,0.013409451898993018,1.5746605845520052,2.0020173155998906,-0.21346305434917323,0.354257071030057
2022-11-14,-0.008360623231152301,1.5614954406876198,2.0020173155998906,-0.22003899340914113,0.3489883957691394
2022-11-15,0.008045330216190315,1.5740581871390271,2.0020173155998906,-0.2137639495553656,0.33937421960860453
2022-11-16,-0.007145801403505519,1.5628102799361696,2.0020173155998906,-0.2193822362281196,0.3402138570319508
2022-11-17,-0.0033295443611386427,1.5576068337810787,2.0020173155998906,-0.22198133770169082,0.3388928933767042
2022-11-18,-0.0012802722895487672,1.555612672913777,2.0020173155998906,-0.22297741343578326,0.31891831715427044
2022-11-21,-0.0053815805165668305,1.5472410180618998,2.0020173155998906,-0.2271590230485695,0.3157287081062761
2022-11-22,0.017578165780475555,1.5744386771797438,2.0020173155998906,-0.21357389623377243,0.3148601798758727
2022-11-23,0.012175897777402423,1.5936088815698732,2.0020173155998906,-0.20399845238483394,0.31527673201966827
2022-11-25,-0.0052667139254506555,1.5852157994815874,2.0020173155998906,-0.20819076482033894,0.30889514848676475
2022-11-28,-0.017818434822823918,1.556969735078414,2.0020173155998906,-0.22229956606949786,0.3061682345985207
2022-11-29,-0.004395817497107157,1.55012558027449,2.0020173155998906,-0.22571819524447734,0.29712410996231176
2022-11-30,0.03898258044659205,1.6105534754098603,2.0020173155998906,-0.19553469250226285,0.31419996484977397
2022-12-01,0.004678272420753843,1.6180880833160196,2.0020173155998906,-0.19177118464074283,0.3121528546915331
2022-12-02,-0.0030864879789140767,1.6130938738980405,2.0020173155998906,-0.1942657731635612,0.3121815838184452
2022-12-05,-0.017317387620731556,1.5851593020151207,2.0020173155998906,-0.2082189850889783,0.3130302468529594
2022-12-06,-0.013547235834071069,1.5636847751161504,2.0020173155998906,-0.21894542922691795,0.31638729819925077
2022-12-07,0.0015385650493187852,1.566090605859296,2.0020173155998906,-0.21774372596271585,0.3122789238978304
2022-12-08,0.01639196330419934,1.591761905601593,2.0020173155998906,-0.2049210098242169,0.30995297817576384
2022-12-09,-0.007737287147348188,1.5794459866677433,2.0020173155998906,-0.2110727642760306,0.3109127371686044
2022-12-12,0.01620733379853062,1.605044594990417,2.0020173155998906,-0.1982863572239001,0.3032091425701177
2022-12-13,0.012273068592452575,1.6247434173986797,2.0020173155998906,-0.18844687069460409,0.3014498627278524
2022-12-14,-0.007303098184226946,1.6128777566972408,2.0020173155998906,-0.19437372287963794,0.30279848516992464
2022-12-15,-0.02780334926032789,1.5680343531135732,2.0020173155998906,-0.21677283163571315,0.3073975174018167
2022-12-16,-0.011701627118903168,1.5496857998038076,2.0020173155998906,-0.22593786390930637,0.30777221248665937
2022-12-19,-0.010620027902889346,1.5332280933691798,2.0020173155998906,-0.23415842539315967,0.3050738571489651
2022-12-20,8.726695324630103e-05,1.5333618935135198,2.0020173155998906,-0.2340915927322743,0.30457516873274465
2022-12-21,0.013845693559876759,1.5545923524075003,2.0020173155998906,-0.22348705963031223,0.305920618395174
2022-12-22,-0.023741696113309153,1.517683693196567,2.0020173155998906,-0.24192279388862148,0.30674976514645474
2022-12-23,-0.0006841850706408637,1.5166453166717269,2.0020173155998906,-0.242441458995436,0.2249728864938054
2022-12-27,-0.015294390428462163,1.493449151057051,2.0020173155998906,-0.25402785509397596,0.22469978112060174
2022-12-28,-0.009749410017922372,1.4788889029424777,2.0020173155998906,-0.26130064339661374,0.22509498028760894
2022-12-29,0.020608141036105074,1.5093660540310467,2.0020173155998906,-0.24607742287245116,0.23264589671856747
2022-12-30,-0.00043787985998706156,1.5087051330346384,2.0020173155998906,-0.24640755038496487,0.23199127482970214
2023-01-03,-0.005785356214458343,1.4999767364174512,2.0020173155998906,-0.25076735114651416,0.23230800293634754
2023-01-04,0.004787308955841463,1.5071575884812562,2.0020173155998906,-0.24718054297664904,0.2329438157852483
2023-01-05,-0.014101677450168841,1.4859041383019191,2.0020173155998906,-0.2577965601378037,0.23573941421698127
2023-01-06,0.024700137462222483,1.5226061747736617,2.0020173155998906,-0.23946403314827314,0.24151296833225552
2023-01-09,0.009860493041707429,1.5376198223652782,2.0020173155998906,-0.23196477353916345,0.2405061159217587
2023-01-10,0.005966414255951014,1.5467938991936712,2.0020173155998906,-0.22738235721493494,0.24101034535020516
2023-01-11,0.01377071340570626,1.5680943546771622,2.0020173155998906,-0.21674286108394947,0.23890118489137108
2023-01-12,0.010137024559102438,1.5839901656615143,2.0020173155998906,-0.20880296423066524,0.24010445244983494
2023-01-13,0.0103196490327357,1.6003363882424462,2.0020173155998906,-0.20063808850578468,0.21341573791150897
2023-01-17,0.005158100117397351,1.6085910835545147,2.0020173155998906,-0.19651489973626346,0.21351408141359698
2023-01-18,-0.01192081306282709,1.589415369952931,2.0020173155998906,-0.20609309541527432,0.21610424728391367
2023-01-19,-0.010178523459278499,1.5732374683233272,2.0020173155998906,-0.2141738954680732,0.2122041692972718
2023-01-20,0.019992466612649074,1.6046903658825498,2.0020173155998906,-0.19846329330987056,0.21605437857792179
2023-01-23,0.02093441493623045,1.6382836198461066,2.0020173155998906,-0.18168359130539968,0.22368953503942496
2023-01-24,0.004612888458814241,1.645840839448359,2.0020173155998906,-0.17790878898807416,0.219486340580575
2023-01-25,0.0003639900640263872,1.6464399091608872,2.0020173155998906,-0.1776095559555423,0.21786758043430016
2023-01-26,0.012300523373763117,1.6666919817470174,2.0020173155998906,-0.1674937230762139,0.21585718003967388
2023-01-27,0.0068462852999681125,1.6781026305612265,2.0020173155998906,-0.16179414759037947,0.21403546498896467
2023-01-30,-0.019570340678885332,1.6452615903870098,2.0020173155998906,-0.1781981216810712,0.22108993908749766
2023-01-31,0.01243917966036813,1.665727294898137,2.0020173155998906,-0.1679755804714339,0.2061787266883007
2023-02-01,0.01916102450092314,1.6976443364075364,2.0020173155998906,-0.1520331401834808,0.20762678419382846
2023-02-02,0.018345503707473364,1.728788476875072,2.0020173155998906,-0.1364767610129023,0.20793334216534157
2023-02-03,-0.007887113721648653,1.7151533255572826,2.0020173155998906,-0.14328746700008,0.21053624335130536
2023-02-06,-0.004557542597841374,1.707336441214226,2.0020173155998906,-0.1471919708633317,0.20968060931509508
2023-02-07,0.020633879510113248,1.742565415625466,2.0020173155998906,-0.1295952327448685,0.19929654813394404
2023-02-08,-0.005415326871886222,1.7331288543042098,2.0020173155998906,-0.13430875907040307,0.20087114883261636
2023-02-09,-0.007700987592765313,1.7197820505005497,2.0020173155998906,-0.14097543657596745,0.1954910699617803
2023-02-10,-0.006925399687979867,1.7078718724246198,2.0020173155998906,-0.14692452501947129,0.19383052711125015
2023-02-13,0.015505474580526648,1.7343532363292964,2.0020173155998906,-0.13369718492688987,0.1907730858173128
2023-02-14,0.008396495008699257,1.7489157246214566,2.0020173155998906,-0.12642327766410644,0.19041874305177972
2023-02-15,-0.0011161068193047967,1.7469637478548172,2.0020173155998906,-0.12739828260109143,0.1885913809401078
2023-02-16,-0.016896690727675467,1.7174458416948535,2.0020173155998906,-0.14214236394841928,0.19914199465806134
2023-02-17,-0.006637416633514114,1.7060464380980285,2.0020173155998906,-0.1478363224911351,0.19421729678986133
2023-02-21,-0.02135770866646353,1.669609195301673,2.0020173155998906,-0.16603658605151173,0.19879803735139673
2023-02-22,-0.0006065561058875735,1.6685964836498166,2.0020173155998906,-0.16654243165232907,0.1980422637739716
2023-02-23,0.02665957947126155,1.7130805642111466,2.0020173155998906,-0.14432280337303982,0.20965463033442433
2023-02-24,-0.011167356633607167,1.6939499826084998,2.0020173155998906,-0.15387845579101822,0.2114826211561283
2023-02-27,0.005847534883970796,1.7038554142235047,2.0020173155998906,-0.14893073054517703,0.21052844738688806
2023-02-28,-0.0013536558957225715,1.7015489802965822,2.0020173155998906,-0.15008278547944287,0.20948597746347736
2023-03-01,-0.009479397383443855,1.6854193213449573,2.0020173155998906,-0.1581394884989129,0.2119289030059914
2023-03-02,0.006691024823407592,1.696696503861927,2.0020173155998906,-0.15250657891861252,0.20841423864353903
2023-03-03,0.020922662091763813,1.7321959114845071,2.0020173155998906,-0.13477476044433379,0.2117474889072141
2023-03-06,-0.00041856729924186176,1.7314708709200792,2.0020173155998906,-0.13513691543609052,0.20594900163315605
2023-03-07,-0.014043373201440085,1.707155179292326,2.0020173155998906,-0.14728251050077013,0.20385825029547208
2023-03-08,0.006232849385074585,1.717795620401805,2.0020173155998906,-0.14196765082070262,0.2041303275818675
2023-03-09,-0.018254509439430685,1.6864381040341676,2.0020173155998906,-0.15763061043813298,0.21201631115564912
2023-03-10,-0.0007855086813305431,1.6851133922629222,2.0020173155998906,-0.15829229890652086,0.20926899395498189
2023-03-13,0.004756020633433355,1.6931278263261995,2.0020173155998906,-0.15428911971280057,0.20880101202833776
2023-03-14,0.01827089403766513,1.7240627854332276,2.0020173155998906,-0.13883722583257274,0.20616861713285972
2023-03-15,-0.001529790157363664,1.721425331153395,2.0020173155998906,-0.14015462416838198,0.2037728069300011
2023-03-16,0.022854450421937376,1.7607675610393074,2.0020173155998906,-0.12050333065590613,0.2068631614294746
2023-03-17,-0.0015761676322089352,1.7579922962017538,2.0020173155998906,-0.1218895648387619,0.2005600425383676
2023-03-20,0.002145159864335911,1.7617634707173775,2.0020173155998906,-0.12000587757679948,0.1989568517476211
2023-03-21,0.008279843222965254,1.7763505960508643,2.0020173155998906,-0.11271966420600454,0.19933629633722852
2023-03-22,-0.004887795535008205,1.7676681575388777,2.0020173155998906,-0.11705650906959897,0.19150499576402066
2023-03-23,0.009494585551213774,1.7844514340867872,2.0020173155998906,-0.10867332655807294,0.19234487351195173
2023-03-24,-0.0011271956501834662,1.7824400081923208,2.0020173155998906,-0.10967802610726918,0.19068418571226217
2023-03-27,-0.004074980621503433,1.7751765996999447,2.0020173155998906,-0.11330607089778078,0.18979742523351745
2023-03-28,-0.0008978266559467535,1.7735827988297213,2.0020173155998906,-0.1141021683429948,0.18506792727524954
2023-03-29,0.011618932904887882,1.794189938370587,2.0020173155998906,-0.10380898087638646,0.18644613365806484
2023-03-30,0.007676568059671213,1.8079631595444663,2.0020173155998906,-0.09692930952361789,0.1873516061024382
2023-03-31,0.012362489474541773,1.830314085074694,2.0020173155998906,-0.0857651076178364,0.18188894188151775
2023-04-03,0.003393954956976064,1.8365260886365564,2.0020173155998906,-0.08266223557299546,0.17997334267504594
2023-04-04,-0.004013448941894182,1.829155284949357,2.0020173155998906,-0.0863439238529945,0.16649134591262174
2023-04-05,-0.005636565692489198,1.8188451310239764,2.0020173155998906,-0.09149380634653903,0.16809488035578463
2023-04-06,0.005685654492005143,1.8291864560134445,2.0020173155998906,-0.0863283540255787,0.15265026841298848
2023-04-10,-0.002178676699135945,1.825201250103353,2.0020173155998906,-0.08831894915132432,0.14794407030612775
2023-04-11,-0.005138111694546643,1.8158231622152958,2.0020173155998906,-0.09300326822038651,0.14922560749585853
2023-04-12,-0.004476934569196873,1.8076938407288259,2.0020173155998906,-0.09706383324303913,0.1501375652316252
2023-04-13,0.01208847279016223,1.8295460985354202,2.0020173155998906,-0.08614871395994428,0.1487365039091428
2023-04-14,0.007592441396954636,1.8434368200715772,2.0020173155998906,-0.07921035162515355,0.14896518159204736
2023-04-17,0.0030525219808946735,1.8490639514852365,2.0020173155998906,-0.076399620983709,0.1387378924256029
2023-04-18,0.00715551688697757,1.8622949598151903,2.0020173155998906,-0.06979078287483909,0.139224111828577
2023-04-19,0.001719650781005244,1.8654974567972988,2.0020173155998906,-0.06819114786811153,0.13018153481801245
2023-04-20,-0.006813292519634062,1.8527872769295055,2.0020173155998906,-0.07453983415007048,0.13282485125837717
2023-04-21,-0.003250503327014071,1.846764785721597,2.0020173155998906,-0.07754804549818461,0.11876975077510475
2023-04-24,-0.0005558296811333909,1.845738299039621,2.0020173155998906,-0.07806077167391623,0.11870700114512352
2023-04-25,-0.013696097984419996,1.8204588864423776,2.0020173155998906,-0.09068774168075078,0.12809969835402926
2023-04-26,0.009827913710472336,1.838350199291796,2.0020173155998906,-0.08175109927011437,0.12119015252389273
2023-04-27,0.015579570463005055,1.866990905757342,2.0020173155998906,-0.0674451758186162,0.12667244608054148
2023-04-28,0.009857884476418246,1.8853954864248215,2.0020173155998906,-0.05825215809390949,0.11367283289903074
2023-05-01,0.005043812552544346,1.8949050678457613,2.0020173155998906,-0.05350215850757212,0.11332644559206415
2023-05-02,-0.004882656884994469,1.8856528965698334,2.0020173155998906,-0.058123582709967425,0.11534500666026767
2023-05-03,-0.006776809298559889,1.8728741864865026,2.0020173155998906,-0.06450649957275278,0.11680007557036061
2023-05-04,-0.00603711648064908,1.8615674268690827,2.0020173155998906,-0.07015418280172214,0.11741706573535504
2023-05-05,0.020432445952067568,1.8996038027047146,2.0020173155998906,-0.051155158398062395,0.12752767786966165
2023-05-08,0.0005736847973212328,1.90069357652726,2.0020173155998906,-0.05061082053741861,0.1272465695715287
2023-05-09,-0.0065304384331014214,1.8882812141455574,2.0020173155998906,-0.056810748122951615,0.12848744450852015
2023-05-10,0.007645073319738227,1.9027172624759845,2.0020173155998906,-0.04959999713796259,0.1291436452931619
2023-05-11,-0.0031091632473257357,1.896801403893442,2.0020173155998906,-0.05255494589711951,0.12702230147948856
2023-05-12,-0.0060331141430279515,1.885357784517097,2.0020173155998906,-0.05827099005276948,0.12780413545865182
2023-05-15,0.004180150275077949,1.8932388633786665,2.0020173155998906,-0.05433442127278976,0.12386105778274935
2023-05-16,-0.0014440672648831367,1.8905048991114568,2.0020173155998906,-0.0557000259785565,0.12389536443478046
2023-05-17,0.013315235435658069,1.9156774169353907,2.0020173155998906,-0.04312644950257527,0.12792174767295533
2023-05-18,0.01269100582903402,1.9399892902002664,2.0020173155998906,-0.03098276169556402,0.12995818839964557
2023-05-19,-0.00230324658764498,1.9355210164875447,2.0020173155998906,-0.0332146473430579,0.1301501308724014
2023-05-22,-0.0016544877672585888,1.932318720642494,2.0020173155998906,-0.034814181882593664,0.13001556450409837
2023-05-23,-0.0107875558938051,1.9114737244389173,2.0020173155998906,-0.04522617784344318,0.1336660660577031
2023-05-24,-0.005282679092290232,1.9013760221593619,2.0020173155998906,-0.05026994155161557,0.1340120272717851
2023-05-25,0.044214234482157576,1.9854439074418682,2.0020173155998906,-0.008278354052625336,0.18004877087893212
2023-05-26,0.01434030652541889,2.0139157816636097,2.0139157816636097,0.0,0.18265581448780144
2023-05-30,0.007592790369222152,2.0292070220150498,2.0292070220150498,0.0,0.1831371275406223
2023-05-31,-0.01182775970160321,2.0052060489738497,2.0292070220150498,-0.011827759701603324,0.18775095085934054
2023-06-01,0.017142172668837455,2.039579637301957,2.039579637301957,0.0,0.19243191652084704
2023-06-02,0.0037900066578609786,2.0473096577065686,2.0473096577065686,0.0,0.190150372508059
2023-06-05,-0.0029302976325258803,2.0413104310635437,2.0473096577065686,-0.0029302976325258356,0.1900552696635688
2023-06-06,-0.0018936785024933627,2.037444845383323,2.0473096577065686,-0.004818427093386646,0.19033735143037048
2023-06-07,-0.012277514425217845,2.0124300869035436,2.0473096577065686,-0.01703678321045854,0.18927365206233085
2023-06-08,0.011077797544075394,2.0347233799778675,2.0473096577065686,-0.0061477157015907835,0.18967587055783322
2023-06-09,0.002293869279698146,2.0393907694318822,2.0473096577065686,-0.003867948478080807,0.18617338083518276
2023-06-12,0.009433358930339097,2.0586290745591533,2.0586290745591533,0.0,0.18604179007238827
2023-06-13,0.007240827963111406,2.0735352535278953,2.0735352535278953,0.0,0.18636023563861845
2023-06-14,0.009648136642587147,2.093541004987154,2.093541004987154,0.0,0.18572733654505685
2023-06-15,0.011103642417614001,2.1167869356931437,2.1167869356931437,0.0,0.18430638996545143
2023-06-16,-0.004273502788335138,2.1077408408211475,2.1167869356931437,-0.0042735027883351595,0.18352827363968477
2023-06-20,-2.6309124548912276e-05,2.1076853880048496,2.1167869356931437,-0.0042996994807669164,0.17728873647706317
2023-06-21,-0.006604538328843589,2.093765099074628,2.1167869356931437,-0.010875840279587323,0.17953541462201414
2023-06-22,0.0008099859702257175,2.095461019429827,2.1167869356931437,-0.010074663587402388,0.17729251429389836
2023-06-23,-0.006196182446837666,2.0824771606432035,2.1167869356931437,-0.016208421580561905,0.17903461190310554
2023-06-26,-0.009781037040675504,2.0621083743985915,2.1167869356931437,-0.02583092344938709,0.18205575817071737
2023-06-27,0.011059509160467829,2.08491428085513,2.1167869356931437,-0.015057091623431051,0.18154628704155143
2023-06-28,-0.0015563630234386558,2.081669397361368,2.1167869356931437,-0.016590020346226475,0.18209849081438262
2023-06-29,0.002950594242795557,2.0878115591006265,2.1167869356931437,-0.013688376521952206,0.18156284797804564
2023-06-30,0.01766953818973058,2.1247022251771157,2.1247022251771157,0.0,0.1840554518867992
2023-07-03,-0.0009152204029883755,2.122757654350359,2.1247022251771157,-0.0009152204029884148,0.1823824312380292
2023-07-05,-0.00374920500927049,2.1147990007192012,2.1247022251771157,-0.004660994063339419,0.1828001799323558
2023-07-06,-0.003759616361669782,2.1068481677944546,2.1247022251771157,-0.00840308687546687,0.1833689259418953
2023-07-07,-0.00041199100738203976,2.105980165295404,2.1247022251771157,-0.008811615886621826,0.17902863592917162
2023-07-10,-0.003608281750360543,2.0983811954983476,2.1247022251771157,-0.012388102844187454,0.178396085920389
2023-07-11,0.00517632443416504,2.109243097352798,2.1247022251771157,-0.007275903249467808,0.13001247821104447
2023-07-12,0.013596511194752903,2.1379214447384105,2.1379214447384105,0.0,0.1294180305344071
2023-07-13,0.013566112463685774,2.1669247274962573,2.1669247274962573,0.0,0.13276545705794632
2023-07-14,-0.0005350801044049168,2.165765249186831,2.1669247274962573,-0.0005350801044048392,0.1262533696365189
2023-07-17,0.010512357739943166,2.18853254826702,2.18853254826702,0.0,0.12096987270618137
2023-07-18,0.012463495590530132,2.215809314032078,2.215809314032078,0.0,0.12441113892435439
2023-07-19,7.031312463009467e-05,2.2159651145085317,2.2159651145085317,0.0,0.12353843136636462
2023-07-20,-0.011143659496419139,2.1912711538165053,2.2159651145085317,-0.011143659496419156,0.12934490533764137
2023-07-21,-0.007685099087628328,2.1744310178715636,2.2159651145085317,-0.0187431184566188,0.12542299371452914
2023-07-24,0.005297666975543713,2.1859504292655396,2.2159651145085317,-0.013544746280741427,0.12313148886625211
2023-07-25,0.006611139330712394,2.2004020521234446,2.2159651145085317,-0.007023153154890105,0.12372691891471149
2023-07-26,-0.004192767018579379,2.191176278971687,2.2159651145085317,-0.011186473728555302,0.12345679822001454
2023-07-27,-0.009136311048292663,2.171157010925361,2.2159651145085317,-0.020220581673330407,0.12662760780231014
2023-07-28,0.012399106004840843,2.198077416856978,2.2159651145085317,-0.008072192804136735,0.12839220776264235
2023-07-31,0.0012158519993863749,2.2007499536790696,2.2159651145085317,-0.006866155396510698,0.12522971248681472
2023-08-01,-0.005154571728560903,2.1894060301862037,2.2159651145085317,-0.011985335034580769,0.12559763312421024
2023-08-02,-0.019511573206482245,2.146687274149512,2.2159651145085317,-0.03126305549913155,0.13932885589984692
2023-08-03,-0.002646170972509798,2.1410067725976014,2.2159651145085317,-0.03382649908166757,0.13800427174460528
2023-08-04,-0.005220567479599124,2.129829502266977,2.2159651145085317,-0.038870473040212294,0.13909557014204718
2023-08-07,0.0021979294034362995,2.134510717154315,2.2159651145085317,-0.03675797819239679,0.13766259127869274
2023-08-08,-0.004719688665080967,2.124436491117068,2.2159651145085317,-0.04130418064445174,0.13501933513636766
2023-08-09,-0.013493618518938984,2.0957701555382213,2.2159651145085317,-0.054240456306537066,0.1378898336360806
2023-08-10,-0.002350185056617299,2.090844707836571,2.2159651145085317,-0.05646316625327863,0.1379973278252849
2023-08-11,-0.005743463542742194,2.078836017483576,2.2159651145085317,-0.06188233565913748,0.1387805196148714
2023-08-14,0.014355441518383702,2.1086786263588713,2.2159651145085317,-0.04841524239132933,0.13538256692089046
2023-08-15,-0.009071474865238283,2.0895498012009917,2.2159651145085317,-0.05704751960212029,0.13779040291040515
2023-08-16,-0.006122117497749008,2.076757331800641,2.2159651145085317,-0.06282038548191005,0.13844833384624036
2023-08-17,-0.007983004570762875,2.060178568528511,2.2159651145085317,-0.07030189462823377,0.13982855766235228
2023-08-18,0.0008870581936734623,2.062006066808155,2.2159651145085317,-0.06947719830622101,0.13990319600462472
2023-08-21,0.017182395742313894,2.0974362710711048,2.2159651145085317,-0.05348858728027173,0.14879702624000557
2023-08-22,-0.005412743094854788,2.086083387377967,2.2159651145085317,-0.05861181039367158,0.14877793922125776
2023-08-23,0.016896491061571994,2.1213308766864927,2.2159651145085317,-0.04270565326251874,0.15173924949956885
2023-08-24,-0.010596907447017417,2.0988513297217457,2.2159651145085317,-0.05285001285444879,0.14880095633737583
2023-08-25,0.0010898370985114813,2.1011387357651365,2.2159651145085317,-0.05181777366060292,0.14892154215046577
2023-08-28,0.006504985312242118,2.1148066123802716,2.2159651145085317,-0.045649862204936165,0.1466732745717996
2023-08-29,0.017822425999427037,2.152497596732518,2.2159651145085317,-0.02864102749654074,0.151715356176682
2023-08-30,0.004890449325193718,2.1630242771519397,2.2159651145085317,-0.023890645664940258,0.15262968399707566
2023-08-31,-0.0018818386872659295,2.1589538143856997,2.2159651145085317,-0.025727526010930202,0.14948299379279414
2023-09-01,-0.0015222539410781556,2.1556673384331453,2.2159651145085317,-0.027210616124143994,0.14795112406202962
2023-09-05,-0.0021954585423435372,2.1509346601605315,2.2159651145085317,-0.029346334886875214,0.14710241230342488
2023-09-06,-0.012052727498425979,2.125010030834697,2.2159651145085317,-0.04104535900783224,0.1491966262334821
2023-09-07,-0.009852280343516076,2.10407383627813,2.2159651145085317,-0.05049324896760288,0.15109941037324345
2023-09-08,0.0011685999289730849,2.1065326568137586,2.2159651145085317,-0.049383655445786934,0.14940200256429909
2023-09-11,0.00278053199643068,2.1123899382675555,2.2159651145085317,-0.04674043628342395,0.14444468760389914
2023-09-12,-0.005404677264429636,2.100973152394591,2.2159651145085317,-0.05189249657454298,0.14472299930342405
2023-09-13,0.0022699437398658266,2.1057422432494954,2.2159651145085317,-0.04974034588242249,0.14469591484972136
2023-09-14,0.006775535547738931,2.120009774673008,2.2159651145085317,-0.04330182781636671,0.13565452388301322
2023-09-15,-0.01271140919254694,2.09306146293494,2.2159651145085317,-0.05546280975675455,0.14017589879993228
2023-09-18,0.003824101208401348,2.101065541804608,2.2159651145085317,-0.05185080394616537,0.14010193308884522
2023-09-19,-0.002219923480671504,2.0964013370739263,2.2159651145085317,-0.05395562260966502,0.1399708287897497
2023-09-20,-0.013098771841709354,2.0689410542709403,2.2159651145085317,-0.06634764206123311,0.1441766850511638
2023-09-21,-0.014024069129420358,2.039926081901149,2.2159651145085317,-0.07944124727181268,0.14458876894426162
2023-09-22,0.0009652234456646205,2.0418950663828226,2.2159651145085317,-0.07855270238056766,0.14461110601833954
2023-09-25,0.0021701272121656626,2.0463262384307668,2.2159651145085317,-0.07655304452542722,0.1440540360513434
2023-09-26,-0.012807292767847846,2.0201183391966553,2.2159651145085317,-0.0883799000397677,0.14122047692533407
2023-09-27,0.00017654018390747517,2.0204749712597723,2.2159651145085317,-0.08821896245966687,0.13938148383034565
2023-09-28,0.005657405725766617,2.031905617930945,2.2159651145085317,-0.08306064719724082,0.13986096777384588
2023-09-29,-0.0012201913892886662,2.0294263041920986,2.2159651145085317,-0.08417948870003067,0.13815971723408055
2023-10-02,0.005427288401350375,2.0404405860342356,2.2159651145085317,-0.07920906666133365,0.13916867050219203
2023-10-03,-0.015545962203708092,2.0087199738048356,2.2159651145085317,-0.09352364770853361,0.13569841522623086
2023-10-04,0.009096560741983017,2.026992417060186,2.2159651145085317,-0.08527783050874305,0.1384616719427686
2023-10-05,0.003346800479562983,2.0337763562536733,2.2159651145085317,-0.08221643791322286,0.12852308184011618
2023-10-06,0.013515619758400186,2.0612641041584223,2.2159651145085317,-0.06981202426754796,0.13242500525761444
2023-10-09,0.005962970510562438,2.0735553612259996,2.2159651145085317,-0.06426534079897572,0.1337023091405728
2023-10-10,0.002232976335866582,2.0781855612787266,2.2159651145085317,-0.0621758674483297,0.13234991698165327
2023-10-11,0.010480957989813878,2.099966936841527,2.2159651145085317,-0.05234657211322191,0.12500120744506774
2023-10-12,-0.003949955758175805,2.091672160347371,2.2159651145085317,-0.056089761227458346,0.12413119004203665
2023-10-13,-0.0015783562712905872,2.088370756475603,2.2159651145085317,-0.05757958787236028,0.12411743741566726
2023-10-16,0.004086490147789718,2.0969048629968725,2.2159651145085317,-0.053728396143124746,0.12500422351043547
2023-10-17,-0.009848981538945183,2.076252485712292,2.2159651145085317,-0.06304820770033914,0.12763869675153872
2023-10-18,-0.011681900554885216,2.051997910647368,2.2159651145085317,-0.07399358536270528,0.12736758059600609
2023-10-19,-0.003326638276145338,2.045171655855238,2.2159651145085317,-0.07707407374559383,0.12486554126321743
2023-10-20,-0.01088731244089452,2.0229052330426804,2.2159651145085317,-0.08712225666452744,0.12796689356352028
2023-10-23,0.0055471441500716655,2.0341265799723023,2.2159651145085317,-0.08205839223085354,0.1289840287385312
2023-10-24,0.006329526359002491,2.047001637777784,2.2159651145085317,-0.0762482566284538,0.13015856247424412
2023-10-25,-0.009388175004803262,2.0277840281672073,2.2159651145085317,-0.08492059965621812,0.13211326451837632
2023-10-26,-0.01485333025793207,1.9976646823050799,2.2159651145085317,-0.09851257620175469,0.13556122893096517
2023-10-27,-0.0028502604728664668,1.9919708176230642,2.2159651145085317,-0.1010820501725932,0.13171324162667764
2023-10-30,0.010994096698470068,2.0138707374125424,2.2159651145085317,-0.09119925930820028,0.13586030929279563
2023-10-31,0.0014024901414956658,2.0166951712680103,2.2159651145085317,-0.08992467522879599,0.13607035716970153
2023-11-01,0.01588186664680386,2.048724055045342,2.2159651145085317,-0.07547098028223309,0.14001841044960517
2023-11-02,0.017386939592872807,2.0843450964328807,2.2159651145085317,-0.05939625006454241,0.14281233907960147
2023-11-03,0.010862668497964016,2.106986646250788,2.2159651145085317,-0.049178783341051635,0.14578740464229556
2023-11-06,0.00610675056310943,2.119853488139244,2.2159651145085317,-0.04337235534080319,0.14648625236648774
2023-11-07,0.006076195214661989,2.13273413175966,2.2159651145085317,-0.037559699024111604,0.140891851579468
2023-11-08,0.005606685042936865,2.144691700316758,2.2159651145085317,-0.03216359938391056,0.14121069441537168
2023-11-09,-0.004126631989570511,2.1358413469384643,2.2159651145085317,-0.03615750403536366,0.1418717693286195
2023-11-10,0.01645715375502328,2.1709912163813665,2.2159651145085317,-0.02029539988364837,0.1478325982730972
2023-11-13,-0.002143044946027228,2.166338684627231,2.2159651145085317,-0.02239495087552723,0.14806551171342955
2023-11-14,0.016583451385861436,2.2022640568890575,2.2159651145085317,-0.006182885068799049,0.14413555959165777
2023-11-15,-0.001732798681628511,2.1984479766346823,2.2159651145085317,-0.00790497005533164,0.14364400818571807
2023-11-16,0.01013906983223366,2.220738194192314,2.220738194192314,0.0,0.1452295070186178
2023-11-17,-0.0010243153368149794,2.218463458000952,2.220738194192314,-0.0010243153368150182,0.14214147839479155
2023-11-20,0.010298816603886563,2.241311006297328,2.241311006297328,0.0,0.1436095526037137
2023-11-21,-0.0034683728934258354,2.2335373039573496,2.241311006297328,-0.0034683728934257196,0.14469515484257886
2023-11-22,-0.000186737409530674,2.2331202189871187,2.241311006297328,-0.003654462627986965,0.1428388893514765
2023-11-24,-0.0044404891082416905,2.223204072977312,2.241311006297328,-0.00807872413473254,0.14302609734445867
2023-11-27,0.003431917102135612,2.2308339250569005,2.241311006297328,-0.004674532544118426,0.14265094915783114
2023-11-28,0.0028645197680408465,2.237224192934442,2.241311006297328,-0.0018234030669564971,0.14255751542189904
2023-11-29,0.0007065733339479243,2.238804955891233,2.241311006297328,-0.0011181181009927155,0.13801501100615232
2023-11-30,-0.002859384454315522,2.2324033518041126,2.241311006297328,-0.003974305425792246,0.13236113151182638
2023-12-01,0.004784945089576959,2.2430852792602827,2.2430852792602827,0.0,0.13115620980274284
2023-12-04,-0.010105201059692186,2.220418451519322,2.2430852792602827,-0.010105201059692037,0.13044822642830553
2023-12-05,0.009739201003121796,2.2420435531297094,2.2430852792602827,-0.00046441664086749324,0.13167964596503065
2023-12-06,-0.006456858804539433,2.227566994473523,2.2430852792602827,-0.00691827677273027,0.13429723267967852
2023-12-07,0.007576396023160657,2.2444439241917764,2.2444439241917764,0.0,0.12978128291191454
2023-12-08,0.005730315635870596,2.2573052963044073,2.2573052963044073,0.0,0.11774809325105637
2023-12-11,-0.005878112804631607,2.2440366011382378,2.2573052963044073,-0.0058781128046315745,0.11961510827104731
2023-12-12,0.008240446823920179,2.2625284654208477,2.2625284654208477,0.0,0.11847821148223203
2023-12-13,0.011721334545686808,2.289048318483185,2.289048318483185,0.0,0.1203366126325589
2023-12-14,0.004107486627694573,2.2984505538415014,2.2984505538415014,0.0,0.11518277311835558
2023-12-15,0.0032332594549278784,2.3058820408263934,2.3058820408263934,0.0,0.10781499599617037
2023-12-18,0.0048338699847408125,2.3170283748118967,2.3170283748118967,0.0,0.10557902947110741
2023-12-19,0.0040724628318056285,2.3264643867485573,2.3264643867485573,0.0,0.10525545268804509
2023-12-20,-0.011513338375427841,2.299679015045539,2.3264643867485573,-0.011513338375427895,0.11302993231835692
2023-12-21,0.006633146128198486,2.3149331220002876,2.3264643867485573,-0.004956561903096901,0.11331075668664285
2023-12-22,-0.0006034183358190782,2.3135362489082776,2.3264643867485573,-0.005556989358581066,0.1119522773018933
2023-12-26,0.0037632131761065725,2.3222425790035692,2.3264643867485573,-0.0018146883180483186,0.10416318198257937
2023-12-27,0.0037485901442319003,2.330947714647738,2.330947714647738,0.0,0.10339176595777226
2023-12-28,0.0007025080161213169,2.332585224102438,2.332585224102438,0.0,0.09440122579525749
2023-12-29,-0.0023236799634844094,2.3271650425540713,2.332585224102438,-0.0023236799634843708,0.09461602578113763
2024-01-02,-0.011716614920022883,2.2998985458951267,2.332585224102438,-0.014013069220177754,0.09920208950056263
2024-01-03,-0.005801372426441515,2.2865559778873576,2.332585224102438,-0.019733146613235553,0.1010759093691503
2024-01-04,-0.0026966684310904213,2.2803898945658676,2.332585224102438,-0.022376601290807985,0.09767845902626227
2024-01-05,0.0028408310195610405,2.286868096915044,2.332585224102438,-0.019599338414306056,0.09710788705424526
2024-01-08,0.018941627893869484,2.33018510144917,2.332585224102438,-0.0010289538956465005,0.11033482165070377
2024-01-09,0.0005521225875583786,2.3314716492768723,2.332585224102438,-0.00047739941677549247,0.10896187127478085
2024-01-10,0.0078052477355885835,2.3496693630879797,2.3496693630879797,0.0,0.11032633112902684
2024-01-11,0.0015874223929343177,2.3533992808509376,2.3533992808509376,0.0,0.1102767828474319
2024-01-12,0.0012783189046380984,2.3564076756418113,2.3564076756418113,0.0,0.11024392122389104
2024-01-16,-0.0009532296562763332,2.3541614779631126,2.3564076756418113,-0.0009532296562761999,0.10969122722188665
2024-01-17,-0.005133959464367493,2.3420753083626744,2.3564076756418113,-0.006082295278228234,0.11109971037354589
2024-01-18,0.01136935051855772,2.3687031834843086,2.3687031834843086,0.0,0.1090826180636603
2024-01-19,0.016121083142611205,2.406889244445427,2.406889244445427,0.0,0.11436585213949228
2024-01-22,0.00188692365967687,2.411430860706993,2.411430860706993,0.0,0.11127027538057126
2024-01-23,0.0016460582667126413,2.4154002164098656,2.4154002164098656,0.0,0.11032181209273495
2024-01-24,0.0047325709130348935,2.426831269217385,2.426831269217385,0.0,0.11010352024034055
2024-01-25,0.005514420558940897,2.4402138374614375,2.4402138374614375,0.0,0.1075457889811113
2024-01-26,-0.004214316503236204,2.4299300040147984,2.4402138374614375,-0.004214316503236226,0.10814692911658687
2024-01-29,0.008969891831266273,2.4517262133083593,2.4517262133083593,0.0,0.10636651872465737
2024-01-30,0.001405544241001594,2.4551722229679878,2.4551722229679878,0.0,0.10625857817731857
2024-01-31,-0.013906321106666465,2.421029809663227,2.4551722229679878,-0.013906321106666342,0.1160064757406638
2024-02-01,0.013074511290720514,2.4526835912448397,2.4551722229679878,-0.0010136281682674442,0.12034829622976857
2024-02-02,0.00922412197928759,2.4753074438670795,2.4753074438670795,0.0,0.12206069786517057
2024-02-05,0.0031403705474786874,2.483080826459754,2.483080826459754,0.0,0.1150486153627235
2024-02-06,0.0014326063673195614,2.4866381038623095,2.4866381038623095,0.0,0.11444476270798278
2024-02-07,0.008818649634768104,2.5085668940687356,2.5085668940687356,0.0,0.11553957510912782
2024-02-08,-0.0029434441550920233,2.5011830675067315,2.5085668940687356,-0.0029434441550920676,0.11664664790085857
2024-02-09,0.009060730734156985,2.523845613798243,2.523845613798243,0.0,0.11814581135230148
2024-02-12,-0.0025611591164343473,2.5173816435959906,2.523845613798243,-0.002561159116434397,0.11899621161773748
2024-02-13,-0.01232209951311685,2.4863622164711074,2.523845613798243,-0.014851699772049476,0.1258987108639634
2024-02-14,0.008203887140145066,2.5067600514845574,2.523845613798243,-0.0067696543006736665,0.119802015533253
2024-02-15,0.002011188256346225,2.511801617861581,2.523845613798243,-0.004772081093556424,0.11697626695316303
2024-02-16,-0.004188878061388778,2.50127998716996,2.523845613798243,-0.008940969489145245,0.11770348403883099
2024-02-20,-0.007440304978668589,2.4826697012283754,2.523845613798243,-0.01631475092800949,0.12161685765482998
2024-02-21,-0.0034235540163811977,2.474170147401387,2.523845613798243,-0.019682450513324845,0.11272420245783803
2024-02-22,0.036289227639891265,2.563955871100259,2.563955871100259,0.0,0.15006661891805156
2024-02-23,0.0013459773493394724,2.5674068976274658,2.5674068976274658,0.0,0.14951687638478628
2024-02-26,-0.00338497166991405,2.558716298013855,2.5674068976274658,-0.0033849716699140275,0.15061582899692383
2024-02-27,8.719531970677883e-05,2.5589394060994994,2.5674068976274658,-0.003298071503894162,0.1507623048773225
2024-02-28,-0.0015720147778971907,2.5549167155373675,2.5674068976274658,-0.004864901664648591,0.15090659991826294
2024-02-29,0.007729143632167951,2.5746640337999827,2.5746640337999827,0.0,0.14964841617510977
2024-03-01,0.009545771541745945,2.5992411884633873,2.5992411884633873,0.0,0.14887507193878027
2024-03-04,0.0035021095054070866,2.6083440157363507,2.6083440157363507,0.0,0.14371891540679713
2024-03-05,-0.005885541215445057,2.592992499527675,2.6083440157363507,-0.005885541215445045,0.14586089354043397
2024-03-06,0.00688519398337007,2.6108457558843465,2.6108457558843465,0.0,0.14639528415334824
2024-03-07,0.010381654657074003,2.6379506548848255,2.6379506548848255,0.0,0.14800443029980223
2024-03-08,-0.008109591850800546,2.6165579517511577,2.6379506548848255,-0.008109591850800513,0.15108907986818107
2024-03-11,-0.0018438530269483666,2.6117334034516357,2.6379506548848255,-0.009938491982267372,0.15034553510843535
2024-03-12,0.01659854255154224,2.655084371482112,2.655084371482112,0.0,0.1547802493983661
2024-03-13,-0.0024368733305946575,2.648614267186769,2.655084371482112,-0.0024368733305946133,0.15545974043294697
2024-03-14,-0.004583965695200844,2.6364731102461656,2.655084371482112,-0.007009668482044318,0.14908778650545598
2024-03-15,-0.0034819190803751345,2.6272931242187036,2.655084371482112,-0.010467180463984649,0.14696470930868588
2024-03-18,0.0052432734182443754,2.6410687404188558,2.655084371482112,-0.005278789334831058,0.1457915880019994
2024-03-19,0.007263675819107606,2.660252607565237,2.660252607565237,0.0,0.14650991626273518
2024-03-20,0.010175210987040452,2.687321239126038,2.687321239126038,0.0,0.1482201723571206
2024-03-21,-4.573788438555422e-05,2.687198326737896,2.687321239126038,-4.573788438555493e-05,0.14722835934711012
2024-03-22,0.0031946719770290337,2.695783043929045,2.695783043929045,0.0,0.14638788834253025
2024-03-25,-0.004274390538241618,2.684260214392922,2.695783043929045,-0.004274390538241746,0.14632915000330765
2024-03-26,-0.0043515722421112344,2.6725794621533665,2.695783043929045,-0.008607362461134693,0.1469152222484492
2024-03-27,0.005659691217085716,2.6877054366622795,2.695783043929045,-0.002996386257772654,0.140757896295135
2024-03-28,9.331268250132923e-05,2.687956233666348,2.695783043929045,-0.00290335317611079,0.13993063767413175
2024-04-01,-0.002093795552874378,2.6823282028579762,2.695783043929045,-0.004991069701016593,0.14052562083810585
2024-04-02,-0.004073645595020864,2.6714013483900034,2.695783043929045,-0.009044383446935589,0.1404802772829532
2024-04-03,0.00020171548416847998,2.6719402114064024,2.695783043929045,-0.008844492354953104,0.13762455553878622
2024-04-04,-0.010247203612222611,2.644560296020436,2.695783043929045,-0.019001064653167643,0.14153682850868046
2024-04-05,0.010878695132520357,2.6733296612404103,2.695783043929045,-0.00832907631020241,0.10212137843654082
2024-04-08,-0.0013123896552559079,2.6698212110479096,2.695783043929045,-0.009630534971870941,0.10242680838490476
2024-04-09,-0.0006730916782017482,2.668024176608467,2.695783043929045,-0.01029714441712637,0.10164179888366957
2024-04-10,-0.006178903531416048,2.6515387126017176,2.695783043929045,-0.01641242288653988,0.10394944399698158
2024-04-11,0.01727767479124473,2.6973511361744458,2.6973511361744458,0.0,0.1134898484270608
2024-04-12,-0.018093908739140175,2.648545510879089,2.6973511361744458,-0.018093908739140185,0.12584086105682432
2024-04-15,-0.012034998574214025,2.6166702694319186,2.6973511361744458,-0.02991114714747667,0.12858097519412773
2024-04-16,-0.0026883981813437706,2.6096356178384013,2.6973511361744458,-0.03251913225522729,0.12847401298400757
2024-04-17,-0.009421406024081626,2.585049181107841,2.6973511361744458,-0.04163416233078154,0.13028898765259403
2024-04-18,-0.0020785108378901015,2.5796761283684293,2.6973511361744458,-0.0436261361110406,0.12871162463576144
2024-04-19,-0.016056404824557714,2.538255804135098,2.6973511361744458,-0.05898206203326828,0.13228224690425391
2024-04-22,0.010104416621734613,2.5639033982726147,2.6973511361744458,-0.04947362473952688,0.13458769950050858
2024-04-23,0.01323456344755889,2.597835540470465,2.6973511361744458,-0.03689382311756417,0.14038834839568692
2024-04-24,-0.0027983800417577583,2.5905658093422437,2.6973511361744458,-0.03958896022104552,0.1312503028054935
2024-04-25,0.0020214409380067523,2.595802485121849,2.6973511361744458,-0.03764754602792264,0.1313991609289584
2024-04-26,0.014315132068402988,2.632961740519857,2.6973511361744458,-0.02387134355296061,0.13773145860145716
2024-04-29,0.0034372669173975243,2.642011932805319,2.6973511361744458,-0.02051612881503162,0.13767486853052704
2024-04-30,-0.017085848388608223,2.5968709174805134,2.6973511361744458,-0.03725144173718509,0.145582198367176
2024-05-01,-0.003492789186513096,2.587800594821167,2.6973511361744458,-0.0406141194908165,0.14391202507871145
2024-05-02,0.011255321647547209,2.6169271228755937,2.6973511361744458,-0.029815922821570195,0.14466512791410577
2024-05-03,0.020003802530574016,2.6692756162785,2.6973511361744458,-0.010408552123385872,0.15678936317624895
2024-05-06,0.011512851948465701,2.700006591258364,2.700006591258364,0.0,0.1601605033499086
2024-05-07,-0.0033605858764474755,2.690932987241466,2.700006591258364,-0.003360585876447608,0.15996533645867075
2024-05-08,0.002653973642438006,2.698074652463172,2.700006591258364,-0.0007155311403487241,0.1595471828682716
2024-05-09,0.004026619715694784,2.708938773053197,2.708938773053197,0.0,0.159145979164855
2024-05-10,0.0032291937057455583,2.7176864610883906,2.7176864610883906,0.0,0.15936809170080382
2024-05-13,0.002279080056759075,2.7238802861023816,2.7238802861023816,0.0,0.1592737267030141
2024-05-14,0.007970391096687755,2.7455906772831753,2.7455906772831753,0.0,0.16005145074902813
2024-05-15,0.015402693966907278,2.7878801702437617,2.7878801702437617,0.0,0.16539778940545274
2024-05-16,-0.0017070424824215,2.783121140357255,2.7878801702437617,-0.0017070424824214836,0.16195703959752794
2024-05-17,-0.00026055964296976505,2.782395971306582,2.7878801702437617,-0.0019671573390115382,0.1597056970709834
2024-05-20,7.916410655856639e-05,2.7826162371977423,2.7878801702437617,-0.0018881489607062152,0.15955248900399116
2024-05-21,0.007173650567670819,2.8025777537473258,2.8025777537473258,0.0,0.1602732647169244
2024-05-22,-0.004501834768745039,2.7899610117733946,2.8025777537473258,-0.0045018347687451055,0.15963012411916
2024-05-23,0.004444261303908226,2.8023603275374316,2.8025777537473258,-7.758079489617042e-05,0.15297460456930603
2024-05-24,0.012056053449129477,2.8361457334299427,2.8361457334299427,0.0,0.14444734458910247
2024-05-28,0.009387549240608955,2.8627701911560597,2.8627701911560597,0.0,0.1391909101985631
2024-05-29,-0.00353328824221974,2.8526551988994706,2.8627701911560597,-0.0035332882422197676,0.139514113222846
2024-05-30,-0.00917639797459626,2.826478099510068,2.8627701911560597,-0.012677263357746549,0.13932609063636847
2024-05-31,0.004139685596378167,2.8381788301870885,2.8627701911560597,-0.008590057645891824,0.13851281269453894
2024-06-03,0.0102229118524783,2.8671932821896613,2.8671932821896613,0.0,0.12720324580912162
2024-06-04,0.0015636953472283387,2.871676698984626,2.871676698984626,0.0,0.1261043725613078
2024-06-05,0.014633377036002685,2.913699026846372,2.913699026846372,0.0,0.1270736317481433
2024-06-06,-0.0023313656298153294,2.906906129079556,2.913699026846372,-0.002331365629815285,0.12686793614833083
2024-06-07,-0.001844497755979658,2.9015443472476257,2.913699026846372,-0.004171563187122307,0.12785066980675408
2024-06-10,0.0002827114018184307,2.9023646469174746,2.913699026846372,-0.0038900311337801696,0.12419020837411751
2024-06-11,0.00936845198581991,2.929555310757462,2.929555310757462,0.0,0.12543809562118205
2024-06-12,0.012990075040823317,2.9676104540804444,2.9676104540804444,0.0,0.11217592450517887
2024-06-13,0.009009822200100437,2.9943480966308686,2.9943480966308686,0.0,0.11028879608794996
2024-06-14,0.0040902458899538365,3.0065957166262045,3.0065957166262045,0.0,0.10864319721660881
2024-06-17,0.00490148366698901,3.021332496424487,3.021332496424487,0.0,0.09844796697722713
2024-06-18,0.006321501556305264,3.0404318545027498,3.0404318545027498,0.0,0.09620135093711263
2024-06-20,-0.007441821233773,3.0178055041680714,3.0404318545027498,-0.007441821233773016,0.09957679288824825
2024-06-21,-0.008629137412812531,2.991764445787463,3.0404318545027498,-0.016006742148557795,0.10591979488220066
2024-06-24,-0.008138329298291396,2.967416481544724,3.0404318545027498,-0.024014803308251453,0.11110686062008025
2024-06-25,0.011736480527018889,3.0022435072959284,3.0404318545027498,-0.012560172052620167,0.11391573770865673
2024-06-26,0.0011838547439361248,3.0057977275144925,3.0404318545027498,-0.011391186727953029,0.11404932463769336
2024-06-27,0.0011349465521895694,3.009209147281914,3.0404318545027498,-0.010269168563865727,0.11334223816302799
2024-06-28,-0.005247890552237832,2.9934171470281856,3.0404318545027498,-0.01546316764341793,0.10958093541688574
2024-07-01,0.00988264133388088,3.023000015054954,3.0404318545027498,-0.005733343249242684,0.11094887013286141
2024-07-02,0.005894044147464661,3.040817710601474,3.040817710601474,0.0,0.11091556485669472
2024-07-03,0.011450744247576063,3.0756373365090712,3.0756373365090712,0.0,0.11319689534427825
2024-07-05,0.003930942551582711,3.0877274901883913,3.0877274901883913,0.0,0.1126381920351055
2024-07-08,0.0028676689274460924,3.0965820703684255,3.0965820703684255,0.0,0.11022491830425168
2024-07-09,0.0038519387980807725,3.108509914986719,3.108509914986719,0.0,0.11019442346351042
2024-07-10,0.011823073227998816,3.1452620553415676,3.1452620553415676,0.0,0.11003891813963304
2024-07-11,-0.014781301092133211,3.0987709898879023,3.1452620553415676,-0.014781301092133159,0.1205522298635729
2024-07-12,0.003556217970923315,3.109790894969918,3.1452620553415676,-0.011277648649787086,0.11912384561864826
2024-07-15,0.0051817101764840496,3.125904930097121,3.1452620553415676,-0.006154375980078508,0.11360756339365957
2024-07-16,0.0035112503011307025,3.1368807647242307,3.1452620553415676,-0.002664735233461113,0.1135859718103334
2024-07-17,-0.016697646757249884,3.0845022377952533,3.1452620553415676,-0.01931788718308114,0.12562340746779171
2024-07-18,-0.007909539558678425,3.0601052453265796,3.1452620553415676,-0.027074631148894857,0.12916671276833538
2024-07-19,-0.008791177035436028,3.033203318367847,3.1452620553415676,-0.035627790308731866,0.1273275080336639
2024-07-22,0.011062797034283927,3.0667590310426673,3.1452620553415676,-0.02495913628741342,0.1298354061726204
2024-07-23,0.00012985600279811772,3.067157268111983,3.1452620553415676,-0.024832521378286954,0.12947699673238228
2024-07-24,-0.027100752840312804,2.9840349970665114,3.1452620553415676,-0.051260294194324985,0.154354198930257
2024-07-25,-0.008708919470034755,2.958047276581294,3.1452620553415676,-0.059522791890211035,0.15470018428583274
2024-07-26,0.010469157692731122,2.9890155399823777,3.1452620553415676,-0.04967678769209005,0.15307700519776934
2024-07-29,-0.0017102776792396685,2.9839034934214452,3.1452620553415676,-0.051302104270163684,0.15090513668104677
2024-07-30,-0.008062045423552577,2.959847127917984,3.1452620553415676,-0.05895054979876635,0.15209760965989896
2024-07-31,0.024264864019870557,3.0316674159965187,3.1452620553415676,-0.036116112853659454,0.1676107694533253
2024-08-01,-0.01869396312692362,2.974993537108784,3.1452620553415676,-0.05413492269860887,0.17514150970265885
2024-08-02,-0.011893907138538128,2.939609240240661,3.1452620553415676,-0.06538495409361789,0.17710256194552682
2024-08-05,-0.03141877244176034,2.847250326453844,3.1452620553415676,-0.09474941154159588,0.19703594451700934
2024-08-06,0.008898944080314745,2.872587847891614,3.1452620553415676,-0.08669363717623257,0.19828709328946245
2024-08-07,-0.008315448910157675,2.8487009904025316,3.1452620553415676,-0.09428818957561558,0.1955877628765103
2024-08-08,0.021605614315395094,2.910248925301053,3.1452620553415676,-0.074719729518688,0.20681459827724508
2024-08-09,0.006378993610210915,2.9288133845996716,3.1452620553415676,-0.06881737258563347,0.20783958136768854
2024-08-12,0.009943354097916236,2.9579356131694623,3.1452620553415676,-0.05955829399142454,0.2096819415734786
2024-08-13,0.020132627026631676,3.0174866276381946,3.1452620553415676,-0.04062473188406457,0.21602131222207566
2024-08-14,0.0059448309035914585,3.035425075393352,3.1452620553415676,-0.0349214081420276,0.21603334398733945
2024-08-15,0.013744781250952732,3.0771463290582908,3.1452620553415676,-0.02165661400696217,0.2171863602243351
2024-08-16,0.006828953323509457,3.0981600177090387,3.1452620553415676,-0.014975552689651339,0.21779129577234443
2024-08-19,0.01076441208301212,3.131509888838771,3.1452620553415676,-0.0043723436269614835,0.2198236900588509
2024-08-20,-0.0014065976696143454,3.127105114326756,3.1452620553415676,-0.005772791168219493,0.2196483176085927
2024-08-21,0.0018382509389917926,3.132853518239493,3.1452620553415676,-0.003945152068013269,0.21698342010562816
2024-08-22,-0.01217416361651794,3.0947136469218615,3.1452620553415676,-0.01607128675776326,0.21557137956361563
2024-08-23,0.013914026087782593,3.137773573339349,3.1452620553415676,-0.0023808769731924473,0.21909843969564166
2024-08-26,-0.004157831908513071,3.1247272382544296,3.1452620553415676,-0.006528809595456098,0.21899597451581623
2024-08-27,0.003933975534441891,3.1370198387615265,3.1452620553415676,-0.0026205182382318393,0.219056952000847
2024-08-28,-0.006562358811171376,3.11643358898181,3.1452620553415676,-0.00916568026845277,0.21422210469910802
2024-08-29,-0.0056388721219021816,3.098860418497141,3.1452620553415676,-0.01475286829141087,0.21355386769533724
2024-08-30,0.005093161423490961,3.1146434148374142,3.1452620553415676,-0.009734845607587417,0.2120868400171915
2024-09-03,-0.027052451551866728,3.0303846747561844,3.1452620553415676,-0.03652394572028994,0.2247188907220755
2024-09-04,-0.0036967985059962404,3.019181953217952,3.1452620553415676,-0.04008572255831444,0.22492881678484888
2024-09-05,0.002014122498468657,3.0252629555168986,3.1452620553415676,-0.03815233761551784,0.21027858996659346
2024-09-06,-0.017317347329276398,2.972873426153819,3.1452620553415676,-0.05480898766288245,0.21499691224229722
2024-09-09,0.013034906103360755,3.0116245521209106,3.1452620553415676,-0.04248851156732769,0.21618140600785163
2024-09-10,-0.0008833091062489969,3.008964356729419,3.1452620553415676,-0.04333429018439827,0.21612649357981678
2024-09-11,0.02019581006084068,3.0697328293577657,3.1452620553415676,-0.024013651217243193,0.22198590751513633
2024-09-12,0.006870712411847112,3.0908240808094884,3.1452620553415676,-0.01730792969686823,0.21184947407384436
2024-09-13,0.0016821242342839884,3.0960232308997266,3.1452620553415676,-0.015654919550572632,0.20368846536928806
2024-09-16,-0.003024846207741311,3.0866582367706603,3.1452620553415676,-0.01863241203427901,0.20024756730659796
2024-09-17,0.00017049012184696647,3.087184481509547,3.1452620553415676,-0.018465098554630077,0.17405738845071222
2024-09-18,-0.005515250323017695,3.070157886300686,3.1452620553415676,-0.02387850923687984,0.17465119909744573
2024-09-19,0.021025260982018797,3.134708757116161,3.1452620553415676,-0.0033553001434281082,0.17981236125400632
2024-09-20,-0.0030109648559199895,3.1252702592149397,3.1452620553415676,-0.006356162308535085,0.17196645164912278
2024-09-23,-0.0006773189303553584,3.1231534545058968,3.1452620553415676,-0.0070291760898345546,0.1717763782955679
2024-09-24,0.007097580859628621,3.1453202886862806,3.1453202886862806,0.0,0.1708572677798321
2024-09-25,0.0012410457629340563,3.1492237751036254,3.1492237751036254,0.0,0.16208459257023927
2024-09-26,0.0023721806005991995,3.1566943026498717,3.1566943026498717,0.0,0.16155851304339
2024-09-27,-0.004207422281417905,3.1434127567052776,3.1566943026498717,-0.004207422281417905,0.1579344909411318
2024-09-30,0.004060440270039789,3.15617639644796,3.1566943026498717,-0.00016406599824281276,0.15721196528527728
2024-10-01,-0.015943415261553018,3.1058561655206787,3.1566943026498717,-0.016104865487455378,0.1613075322788066
2024-10-02,0.000923605729386345,3.108724752069804,3.1566943026498717,-0.015196134304104159,0.16130048111421558
2024-10-03,0.00123446168223803,3.1125623536568585,3.1566943026498717,-0.013980431667382831,0.1612454054454661
2024-10-04,0.008817528704143207,3.1400074615536635,3.1566943026498717,-0.005286175820763073,0.15912555685263632
2024-10-07,-0.005474469090620542,3.12281758776107,3.1566943026498717,-0.010731705905245303,0.1548218393612481
2024-10-08,0.011921089491119764,3.160044975689212,3.160044975689212,0.0,0.1581493822855053
2024-10-09,0.005401104064914802,3.177112707452721,3.177112707452721,0.0,0.1584892266017449
2024-10-10,0.0011185997909655858,3.1806666250631515,3.1806666250631515,0.0,0.15708417119712487
2024-10-11,0.00773122177736874,3.20525706414139,3.20525706414139,0.0,0.157154873109751
2024-10-14,0.008127668887747668,3.231308332258845,3.231308332258845,0.0,0.15805607414174325
2024-10-15,-0.004893614800350514,3.2154955539796073,3.231308332258845,-0.004893614800350554,0.13489760523313543
2024-10-16,0.005063730454685033,3.231777956743198,3.231777956743198,0.0,0.13406223645563908
2024-10-17,0.0013479494584753946,3.236134230089903,3.236134230089903,0.0,0.13408870545894888
2024-10-18,0.0060726467334144005,3.255786130051149,3.255786130051149,0.0,0.12086264341228
2024-10-21,0.003700739465313169,3.2678349462732488,3.2678349462732488,0.0,0.11714064066278819
2024-10-22,0.004431827460537018,3.2823174269246453,3.2823174269246453,0.0,0.11671964060477981
2024-10-23,-0.012252848704348111,3.2420996880928925,3.2823174269246453,-0.012252848704348063,0.1128291725327444
2024-10-24,0.0037328498012470235,3.254201959269213,3.2823174269246453,-0.00856573694695184,0.11197843948245448
2024-10-25,0.0007566421358523591,3.25666422559017,3.2823174269246453,-0.007815576008598057,0.11201489281644088
2024-10-28,0.0021658056483303875,3.263717527364669,3.2823174269246453,-0.005666697378931884,0.11111426629711549
2024-10-29,0.0026734644920311025,3.2724429602860985,3.2823174269246453,-0.003008382601130344,0.11101549331946821
2024-10-30,-0.002863469347387588,3.263072420178245,3.2823174269246453,-0.005863237537154342,0.1097206943962398
2024-10-31,-0.02586598108323327,3.1786698506846944,3.2823174269246453,-0.031577560229165025,0.12267873445637752
2024-11-01,0.002188253244952792,3.185625585300089,3.2823174269246453,-0.029458406682851268,0.12231307064613806
2024-11-04,-0.001445813219700165,3.181019765715847,3.2823174269246453,-0.030861628548738085,0.12240669562916401
2024-11-05,0.010672481537949464,3.214969140437302,3.2823174269246453,-0.02051851717170594,0.12446640621371238
2024-11-06,0.025312338853293374,3.296347528722933,3.296347528722933,0.0,0.14338828553861094
2024-11-07,0.006371224747250192,3.3173492996734697,3.3173492996734697,0.0,0.1440513757888691
2024-11-08,-0.0006163629815387206,3.3153046083683173,3.3173492996734697,-0.0006163629815387761,0.14314570289266387
2024-11-11,-0.0070014238377939676,3.292092755653739,3.3173492996734697,-0.007613471400861216,0.14521364502071024
2024-11-12,0.0021157678972211435,3.2990580598208257,3.3173492996734697,-0.00551381184201627,0.13553030285786435
2024-11-13,-0.0015361913404541077,3.2939900753976734,3.3173492996734697,-0.007041532912465898,0.13589478991906606
2024-11-14,0.0026379351066150077,3.3026794074584065,3.3173492996734697,-0.004422172912724953,0.13588993467827173
2024-11-15,-0.012051035613898024,3.2628787002978377,3.3173492996734697,-0.016419916763360964,0.14020208318652627
2024-11-18,0.003082540822923863,3.2729366570917544,3.3173492996734697,-0.013387991004169209,0.13878595141870653
2024-11-19,0.009194764817756097,3.3030305399171263,3.3173492996734697,-0.004316325615078553,0.13724103842511956
2024-11-20,-0.002609608727655349,3.2944109225924465,3.3173492996734697,-0.006914670421737323,0.13723250059125233
2024-11-21,0.004149704913304315,3.308081755784372,3.3173492996734697,-0.0027936593502558837,0.13748910944258586
2024-11-22,0.0018465655044141711,3.3141903454403856,3.3173492996734697,-0.0009522525208288668,0.1361659304893902
2024-11-25,-0.002293371711612492,3.3065896750552533,3.3173492996734697,-0.0032434403634478137,0.13486922220013364
2024-11-26,0.0063564740197587346,3.327607926418745,3.327607926418745,0.0,0.1346813643244398
2024-11-27,-0.003365218379920909,3.31640979906359,3.327607926418745,-0.0033652183799208757,0.13478366546384848
2024-11-29,0.008019271294207726,3.34300498896505,3.34300498896505,0.0,0.1363553482694772
2024-12-02,0.002143456698244461,3.350170575400912,3.350170575400912,0.0,0.13558841998685414
2024-12-03,0.002316119298299623,3.3579299701231937,3.3579299701231937,0.0,0.1354069934330841
2024-12-04,0.009354967350363124,3.3893432953585023,3.3893432953585023,0.0,0.13724875960021646
2024-12-05,0.0021443248511104573,3.396611148415684,3.396611148415684,0.0,0.1312849108064888
2024-12-06,-0.0007973200323489967,3.393902962304952,3.396611148415684,-0.0007973200323490026,0.13129778813157092
2024-12-09,-0.0036913689592140086,3.381374814259315,3.396611148415684,-0.004485745789144957,0.13212780596191562
2024-12-10,-0.00468640988482996,3.3655283059054555,3.396611148415684,-0.009151133630567854,0.13321974408193576
2024-12-11,0.007816733017263332,3.391835742134761,3.396611148415684,-0.0014059325816998536,0.13458848363279852
2024-12-12,-0.005979736384212153,3.371553458538247,3.396611148415684,-0.007377261859699447,0.13571045875431703
2024-12-13,-0.007293495350935836,3.3469630490629667,3.396611148415684,-0.014616951185558835,0.11226031203245664
2024-12-16,0.00186394754439817,3.353201612619459,3.396611148415684,-0.01278024887142959,0.11225312422681945
2024-12-17,-0.0011466734840343774,3.349356585243647,3.396611148415684,-0.013912267582963711,0.11218280737290166
2024-12-18,-0.024707774688029496,3.266601437385579,3.396611148415684,-0.03827630109815383,0.13270273634266425
2024-12-19,0.0032413319251882334,3.2771895769114425,3.396611148415684,-0.035159035369693226,0.11049591896743143
2024-12-20,0.014291733114124305,3.324026295709051,3.396611148415684,-0.021369785805622543,0.11677684816471724
2024-12-23,0.005838763407801488,3.3434344988110065,3.396611148415684,-0.015655795521215654,0.11792893014721947
2024-12-24,0.009030067970506617,3.3736259395902066,3.396611148415684,-0.0067671004483979,0.11844595508776484
2024-12-26,0.0008948769185891214,3.376644919575499,3.396611148415684,-0.005878279251805951,0.11838478181061104
2024-12-27,-0.012539208970795534,3.334304463308767,3.396611148415684,-0.01834377925067443,0.12441490610508187
2024-12-30,-0.006398195087169577,3.312970932872497,3.396611148415684,-0.02462460725956217,0.12577382357124411
2024-12-31,-0.006120684185839587,3.292693284075518,3.396611148415684,-0.030594572001165665,0.12189584771155909
2025-01-02,0.0008393514997257492,3.295457011121644,3.396611148415684,-0.029780900101332497,0.12162907187255241
2025-01-03,0.011533164280087698,3.333464058208877,3.396611148415684,-0.018591203834522285,0.12329958386781087
2025-01-06,0.007605891832979427,3.358818025264738,3.396611148415684,-0.011126714686953143,0.12472605985942939
2025-01-07,-0.014335173681777964,3.3106687855070818,3.396611148415684,-0.025302384981185977,0.1315701825661337
2025-01-08,0.0019762846462865577,3.3172116093968196,3.396611148415684,-0.023376105049852214,0.1315860300149905
2025-01-10,-0.014865577709227657,3.267899342439379,3.396611148415684,-0.03789418345292228,0.1384110181598414
2025-01-13,-0.0031457343494241457,3.2576193992274067,3.396611148415684,-0.04092071276781517,0.13714102917536095
2025-01-14,-0.00027970074001144017,3.256708240670767,3.396611148415684,-0.0411889679541837,0.13690586507688274
2025-01-15,0.020959605959136526,3.3249675621190993,3.396611148415684,-0.021092666533230275,0.14859783678574218
2025-01-16,-0.007838017664263114,3.298906407634108,3.396611148415684,-0.02876535950461956,0.15007485266359172
2025-01-17,0.01188596870974361,3.33811710597162,3.396611148415684,-0.01722129495787228,0.15412731652488879
2025-01-21,0.0049395743024143405,3.354605983446727,3.396611148415684,-0.01236678652148615,0.15228096670886512
2025-01-22,0.014650713036121242,3.4037533530594604,3.4037533530594604,0.0,0.15822246920390737
2025-01-23,0.0021583651094551574,3.411099895537895,3.411099895537895,0.0,0.1583057478770107
2025-01-24,-0.006305719114645623,3.389590457724636,3.411099895537895,-0.006305719114645614,0.15904617009758448
2025-01-27,-0.02601086794775613,3.3014242679317864,3.411099895537895,-0.03215256983519499,0.1757846000031104
2025-01-28,0.026477441874836426,3.3888375370901245,3.411099895537895,-0.006526445759296617,0.19117759250039665
2025-01-29,-0.008891852356584096,3.358704494049869,3.411099895537895,-0.015360265923775818,0.19215827927228493
2025-01-30,-0.005337263082699052,3.340778204548081,3.411099895537895,-0.02061554722621961,0.19160089455242482
2025-01-31,-0.008533298705871583,3.312270346218607,3.411099895537895,-0.028972927309624752,0.193090005003345
2025-02-03,-0.011107471158691583,3.2754793988781943,3.411099895537895,-0.0397585825138419,0.1955945053623716
2025-02-04,0.009507157399433863,3.3066198970819323,3.411099895537895,-0.030629416216345517,0.18383962811830493
2025-02-05,0.01241180704252817,3.3476610252074974,3.411099895537895,-0.01859777557771991,0.18693581714846558
2025-02-06,0.010002780057077009,3.381146942148297,3.411099895537895,-0.00878102497929778,0.18464045789828937
2025-02-07,-0.007326476442313112,3.3563750487286486,3.411099895537895,-0.016043167448960616,0.18535647484810502
2025-02-10,0.005552260497656764,3.3750105173270253,3.411099895537895,-0.010579982796187992,0.1841862893102225
2025-02-11,0.0034587200735020033,3.3866837339515845,3.411099895537895,-0.007157855921560596,0.1844347401432056
2025-02-12,-0.0016550925024682698,3.38107845909529,3.411099895537895,-0.0088011015103594,0.18057776022630245
2025-02-13,0.013481728545255756,3.426661241071024,3.426661241071024,0.0,0.1831269393920042
2025-02-14,0.0042623251980604465,3.4412667856240584,3.4412667856240584,0.0,0.18199427740951224
2025-02-18,0.003846429642109711,3.4545033761946904,3.4545033761946904,0.0,0.18210294484839884
2025-02-19,0.0022171927746042312,3.462162676120235,3.462162676120235,0.0,0.179688850924578
2025-02-20,-0.004764124433694006,3.4456685023215075,3.462162676120235,-0.004764124433693895,0.17950831064913172
2025-02-21,-0.012850530045206941,3.4013898357066017,3.462162676120235,-0.017553432954726556,0.1784609544127553
2025-02-24,-0.006953954981671728,3.377736723913982,3.462162676120235,-0.02438532215385736,0.17989128100981724
2025-02-25,-0.009354001689003669,3.346141368893481,3.462162676120235,-0.03351122349824698,0.17643248498137157
2025-02-26,0.003796415132557685,3.3588447106220256,3.462162676120235,-0.029842030881688575,0.17621387932524848
2025-02-27,-0.022601135646649468,3.282931005701226,3.462162676120235,-0.051768702740409456,0.18911391605203018
2025-02-28,0.01749294224563899,3.340359128180375,3.462162676120235,-0.03518134742194012,0.1860711802281749
2025-03-03,-0.022618552134262462,3.2648050410924676,3.462162676120235,-0.057004148415385925,0.19628447099100713
2025-03-04,-0.0074365004656942735,3.2405263168839826,3.462162676120235,-0.0640167375048426,0.19385799421874392
2025-03-05,0.008689982169105166,3.2686864327962204,3.462162676120235,-0.055883059643178856,0.19514292175335635
2025-03-06,-0.017776731963187332,3.210579870208695,3.462162676120235,-0.07266637343380655,0.195476484948399
2025-03-07,0.0021674075297131,3.2175385051941308,3.462162676120235,-0.07065646354903077,0.19547810688838796
2025-03-10,-0.03127549819014789,3.1169083854982005,3.462162676120235,-0.09972214564132875,0.21300954371537087
2025-03-11,-0.004961330775131361,3.1014443720019633,3.462162676120235,-0.10418872186632766,0.20141698382449966
2025-03-12,0.008218340905493992,3.126933099150501,3.462162676120235,-0.09682663939563896,0.1852881976835005
2025-03-13,-0.008810103709282029,3.0993844942549984,3.462162676120235,-0.10478369037002411,0.18526426882554453
2025-03-14,0.022977125300473383,3.1705994401338398,3.462162676120235,-0.08421419305262878,0.19928475000256823
2025-03-17,0.001318278274185242,3.174779172491912,3.462162676120235,-0.08300693251952296,0.19837759636470392
2025-03-18,-0.008290646363947178,3.1484582010891566,3.462162676120235,-0.09060939776019472,0.19733722572604268
2025-03-19,0.011946074722893774,3.1860699180212753,3.462162676120235,-0.07974574967354064,0.19861416698299547
2025-03-20,-0.0005877147403718474,3.184197417766599,3.462162676120235,-0.0802865966613473,0.19442386861038916
2025-03-21,0.0038984706134988765,3.1966109178273405,3.462162676120235,-0.07670112098559068,0.19205027570432326
2025-03-24,0.013219173851178666,3.238867473284676,3.462162676120235,-0.06449587258730083,0.19609967760205385
2025-03-25,0.004722560100239087,3.2541632195839725,3.462162676120235,-0.060077898121572604,0.19586922715017924
2025-03-26,-0.015258599286429505,3.2045092470037035,3.462162676120235,-0.07441979283459399,0.19952796924283273
2025-03-27,-0.002487760804937045,3.196537194499949,3.462162676120235,-0.07672241499580568,0.19953858983494693
2025-03-28,-0.01596925351233504,3.1454908816793714,3.462162676120235,-0.09146646881299414,0.19820087646713228
2025-03-31,0.005076688177539557,3.1614595580509515,3.462162676120235,-0.08685412737631881,0.1984659808138734
2025-04-01,0.006113427359095692,3.180786911407815,3.462162676120235,-0.08127167641577582,0.1992277295654228
2025-04-02,0.003553491271642556,3.1920898099344575,3.462162676120235,-0.07800698333690848,0.19955004572553264
2025-04-03,-0.049576127617902935,3.0338383581493393,3.462162676120235,-0.12371582679381321,0.24156342946474044
2025-04-04,-0.05148919560038061,2.8776284615066507,3.462162676120235,-0.16883499398954427,0.27704855904821163
2025-04-07,-0.0035921194565922414,2.867291676321229,3.462162676120235,-0.17182063797927305,0.27705694067301084
2025-04-08,-0.013690709752981367,2.8280364182035758,3.462162676120235,-0.18315900124810802,0.27789267276383073
2025-04-09,0.10365267999876858,3.1211699720844943,3.462162676120235,-0.09849124259460385,0.42073036971352074
2025-04-10,-0.032445266641640255,3.019902780106332,3.462162676120235,-0.12774093460839564,0.4258325282973776
2025-04-11,0.0255920064261539,3.0971881514611734,3.462162676120235,-0.1054180750016227,0.42975587764154394
2025-04-14,0.003906836710448126,3.109288359830467,3.462162676120235,-0.10192308949653561,0.4256453896896127
2025-04-15,0.0002340048242608692,3.1100159483066854,3.462162676120235,-0.10171293516692059,0.42526271982983466
2025-04-16,-0.024536766336335013,3.0337062136808086,3.462162676120235,-0.12375399497968209,0.42954483949401523
2025-04-17,-0.003261930181220202,3.0238104758214477,3.462162676120235,-0.12661224826963158,0.42700537224172846
2025-04-21,-0.018545604222997305,2.96773208349151,3.462162676120235,-0.1428097518464364,0.4296063439235301
2025-04-22,0.02005605958631226,3.0272530949942262,3.462162676120235,-0.1256178931526628,0.4253068245340452
2025-04-23,0.017580364553674267,3.0804733080004634,3.462162676120235,-0.1102459369550769,0.4283209916179338
2025-04-24,0.022429496551704505,3.1495667734398776,3.462162676120235,-0.0902892012661457,0.4326153794933174
2025-04-25,0.009301445091048027,3.1788622958436177,3.462162676120235,-0.08182757622298942,0.4323798118240318
2025-04-28,-0.0008012948966531763,3.1763150897087953,3.462162676120235,-0.08256330310040949,0.4274344464990498
2025-04-29,0.004256109998096825,3.189833836119211,3.462162676120235,-0.07865859160211419,0.42757394024174705
2025-04-30,-0.0002352229298283494,3.189083514058613,3.462162676120235,-0.07887531222756972,0.42677142740026136
2025-05-01,0.01594647781978915,3.239938163581004,3.462162676120235,-0.06418661782474655,0.42783802559428546
2025-05-02,0.007239317197350298,3.2633931036469677,3.462162676120235,-0.05741196791365455,0.42820243948282505
2025-05-05,-0.003991842926204354,3.25036615097075,3.462162676120235,-0.0611746312818634,0.428375037233303
2025-05-06,-0.0021418528736111765,3.243404344890005,3.462162676120235,-0.06318545709567147,0.42684711048698937
2025-05-07,0.0028051857539517335,3.2525026965525954,3.462162676120235,-0.060557518285821454,0.42671406701249426
2025-05-08,0.0037766444566080136,3.2647862428316334,3.462162676120235,-0.057009578044953546,0.4242328705508681
2025-05-09,0.00045085035787276753,3.2662581728775923,3.462162676120235,-0.05658443047574446,0.42411090709478677
2025-05-12,0.02822855543730059,3.3584599227832035,3.462162676120235,-0.02995317177101653,0.428019964868166
2025-05-13,0.012982173708107246,3.4020600328924915,3.462162676120235,-0.017359855341949393,0.4290407846412379
2025-05-14,0.006080299113286463,3.422745575493835,3.462162676120235,-0.011385109341705335,0.4290385676363814
2025-05-15,0.0036483931448674676,3.435233096988092,3.462162676120235,-0.0077782535517137985,0.429040119218658
2025-05-16,0.0012413341141448875,3.4394973690214226,3.462162676120235,-0.00654657484905119,0.3993929199838861
2025-05-19,-0.0003389246383784127,3.438331638619424,3.462162676120235,-0.006883280691916238,0.362945834486338
2025-05-20,-0.0020026504356178143,3.431445862265544,3.462162676120235,-0.008872146322457919,0.3626024874652843
2025-05-21,-0.015133092783678099,3.379517473649711,3.462162676120235,-0.02387097609264799,0.36331506435445676
2025-05-22,0.0008935348225108163,3.3825371901957006,3.462162676120235,-0.022998770818523306,0.216001147645633
2025-05-23,-0.0068047235873050765,3.3595199595926393,3.462162676120235,-0.029646994127560555,0.19100999457649293
2025-05-27,0.018600663945305452,3.4220092613785678,3.462162676120235,-0.011597783957010388,0.18500468043755702
2025-05-28,-0.00452381068610006,3.40652873931401,3.462162676120235,-0.016069128464110682,0.18641041418101925
2025-05-29,0.00776311451029113,3.4329740119999026,3.462162676120235,-0.008430760438166929,0.1866764859944078
2025-05-30,-0.004091174694814791,3.418929115594052,3.462162676120235,-0.012487443419218924,0.16865648167931627
2025-06-02,0.0068859614694894555,3.442471729750948,3.462162676120235,-0.005687470003966744,0.16739481244781057
2025-06-03,0.0066764154977269384,3.465455101357944,3.465455101357944,0.0,0.1526865087911331
2025-06-04,0.0017620080570915132,3.4715612611680258,3.4715612611680258,0.0,0.14631935877294194
2025-06-05,-0.0051182841908544935,3.4537928240474067,3.4715612611680258,-0.005118284190854472,0.14360728865198605
2025-06-06,0.006783728186630533,3.4772224157786793,3.4772224157786793,0.0,0.13277753444957807
2025-06-09,0.001229711605744144,3.4814983965391164,3.4814983965391164,0.0,0.13168369588108794
2025-06-10,0.004450763281317477,3.4969937217663984,3.4969937217663984,0.0,0.13122134023112633
2025-06-11,-0.0034824354159364254,3.484815666980412,3.4969937217663984,-0.0034824354159364024,0.13261204346534994
2025-06-12,0.007862470564557987,3.512214927584956,3.512214927584956,0.0,0.13297905400136625
2025-06-13,-0.01015941474348238,3.4765328794673707,3.512214927584956,-0.010159414743482365,0.1328550282341852
2025-06-16,0.008230184252579108,3.5051453856255366,3.512214927584956,-0.0020128443461404633,0.13320017577254548
2025-06-17,-0.0039436965070643645,3.4913221560114924,3.512214927584956,-0.005948602805987635,0.13318011183433956
2025-06-18,0.004902302794717594,3.5084376743741665,3.512214927584956,-0.00107546186343066,0.13264700841267432
2025-06-20,0.0006781055125348546,3.510816765301545,3.512214927584956,-0.00039808562751386667,0.13276931101718165
2025-06-23,0.007798165079344997,3.5381946940006985,3.5381946940006985,0.0,0.1335921945996065
2025-06-24,0.007231385234684768,3.5637807428683352,3.5637807428683352,0.0,0.13403680600993842
2025-06-25,0.010140613403307509,3.599919665635915,3.599919665635915,0.0,0.11298623487332252
2025-06-26,0.006285229252954533,3.622545986026656,3.622545986026656,0.0,0.10910620723400644
2025-06-27,-6.137194445225485e-05,3.622323663335626,3.622545986026656,-6.137194445221539e-05,0.10861909388266283
2025-06-30,0.008325491944136976,3.6524812898137835,3.6524812898137835,0.0,0.1101039571575336
2025-07-01,-0.00279754262014234,3.642263317736257,3.6524812898137835,-0.0027975426201423126,0.11098662084570134
2025-07-02,0.008552258339893893,3.6734128945714564,3.6734128945714564,0.0,0.1123865694268808
2025-07-03,0.008129317871449472,3.703275235664509,3.703275235664509,0.0,0.11290503000907813
2025-07-07,-0.008313092181372156,3.672489567257437,3.703275235664509,-0.008313092181372106,0.10507184213075627
2025-07-08,-0.004623190041079312,3.6555109500641247,3.703275235664509,-0.01289784921746806,0.10713617940636734
2025-07-09,0.008482347975112901,3.686518265969404,3.703275235664509,-0.004524905287548342,0.10459106411265763
2025-07-10,0.004941259971995999,3.7047343111130706,3.7047343111130706,0.0,0.09397888727922023
2025-07-11,-0.0013975289195374218,3.6995568377740877,3.7047343111130706,-0.001397528919537372,0.09232257625125086
2025-07-14,-0.0018983317227060591,3.692533851668987,3.7047343111130706,-0.003293207668762066,0.09202870712305633
2025-07-15,0.004160542651275166,3.7078967962501332,3.7078967962501332,0.0,0.09001869209801566
2025-07-16,0.0022091411873891853,3.716088063781318,3.716088063781318,0.0,0.0891560057500867
2025-07-17,0.00625483175226994,3.7393315693968887,3.7393315693968887,0.0,0.08899541445680985
2025-07-18,0.0008084130465035588,3.7423544938227917,3.7423544938227917,0.0,0.0891119803600955
2025-07-21,0.0026835959025532986,3.7523974610083166,3.7523974610083166,0.0,0.08611785640986964
2025-07-22,-0.0020416428425742146,3.7447364055895553,3.7523974610083166,-0.0020416428425742428,0.08635261190283834
2025-07-23,0.006020820055582611,3.7672827896431995,3.7672827896431995,0.0,0.08686095935171247
2025-07-24,0.002986134620186276,3.778532403205385,3.778532403205385,0.0,0.08670033512122038
2025-07-25,0.002303551550809086,3.7872364473825715,3.7872364473825715,0.0,0.08477412095077316
2025-07-28,0.0010594057822798427,3.79124866757379,3.79124866757379,0.0,0.08352176345014298
2025-07-29,-0.002167463318354007,3.7830312751560653,3.79124866757379,-0.002167463318354046,0.07579619911226312
2025-07-30,0.0006467342820575423,3.7854778911718046,3.79124866757379,-0.0015221308091295516,0.0742737597277359
2025-07-31,0.0019626246411286073,3.792907363359466,3.792907363359466,0.0,0.07169470363618237
2025-08-01,-0.013195492890447542,3.7428580812121304,3.792907363359466,-0.013195492890447524,0.08498480235047308
2025-08-04,0.01587169460860701,3.8022635816404864,3.8022635816404864,0.0,0.09363230722082265
2025-08-05,-0.006076794948974972,3.779158005512902,3.8022635816404864,-0.006076794948974951,0.09565360594997838
2025-08-06,0.008545547760401213,3.8114529807431152,3.8114529807431152,0.0,0.09632582553145837
2025-08-07,0.0029611424844333814,3.822739236091814,3.822739236091814,0.0,0.09342553887743302
2025-08-08,0.010355909672496468,3.8623271783222894,3.8623271783222894,0.0,0.09575608439534662
2025-08-11,-0.003156466447158063,3.8501358721759686,3.8623271783222894,-0.0031564664471580572,0.09679351794305525
2025-08-12,0.007923909619582259,3.8806440008502023,3.8806440008502023,0.0,0.09657413418627274
2025-08-13,-0.0007072573989063968,3.877899386668079,3.8806440008502023,-0.0007072573989064246,0.09585164945255978
2025-08-14,0.0010665364031275768,3.8820353075316265,3.8820353075316265,0.0,0.0939151028091398
2025-08-15,-0.005717418138056641,3.859840088451769,3.8820353075316265,-0.005717418138056596,0.09445567685264726
2025-08-18,6.114084674879673e-06,3.859863687840901,3.8820353075316265,-0.00571133901016041,0.08999520380748159
2025-08-19,-0.009089914082049172,3.824777858550006,3.8820353075316265,-0.014749337511313798,0.09357188804318364
2025-08-20,-0.002841433888493578,3.813910005126762,3.8820353075316265,-0.017548862132369836,0.09199973787214623
2025-08-21,-0.003328736469664878,3.8012145038006766,3.8820353075316265,-0.02081918306465369,0.09215986779473254
2025-08-22,0.012714706057378998,3.8495458288775475,3.8820353075316265,-0.008369186800296635,0.09802716042108593
2025-08-25,-0.001826966949535175,3.842512835877467,3.8820353075316265,-0.010180863522153194,0.09800686494128308
2025-08-26,0.005767037041715972,3.8646727497352416,3.8820353075316265,-0.004472539897486083,0.0985169777988298
2025-08-27,0.002934906061191561,3.8760152012129616,3.8820353075316265,-0.0015507603207485232,0.0985912072691312
2025-08-28,0.0040295128581208425,3.8916336543045214,3.8916336543045214,0.0,0.09785192116139099
2025-08-29,-0.00689031990447383,3.8648190534753466,3.8916336543045214,-0.006890319904473863,0.10072402116450069
2025-09-02,-0.005674417588071301,3.842888456263593,3.8916336543045214,-0.012525638940091732,0.10247500185376579
2025-09-03,0.008511040485876286,3.8755954354975595,3.8916336543045214,-0.004121204674345957,0.10446381279871497
2025-09-04,0.006666472477229834,3.9014319858011817,3.9014319858011817,0.0,0.10474091987065505
2025-09-05,-0.010321392929583848,3.861163773287681,3.9014319858011817,-0.010321392929583895,0.10973767025384669
2025-09-08,0.0032090899292193838,3.8735545950676054,3.9014319858011817,-0.007145425278470285,0.10988075910002851
2025-09-09,0.0022176958597900256,3.882144961055757,3.9014319858011817,-0.004943575798736832,0.10995810099928184
2025-09-10,0.004385850992657931,3.8991714703868454,3.9014319858011817,-0.00057940659290312,0.11005477519999213
2025-09-11,0.00689492037269006,3.9260559471946275,3.9260559471946275,0.0,0.11134715504950699
2025-09-12,0.006207631185363583,3.950427454527915,3.950427454527915,0.0,0.11226252325238918
2025-09-15,0.006543865621527339,3.976278520937938,3.976278520937938,0.0,0.1042840334634499
2025-09-16,-0.003065749553550556,3.96408824683758,3.976278520937938,-0.0030657495535505452,0.09661857411857556
2025-09-17,-0.0031517525395102996,3.9515944216387666,3.976278520937938,-0.0062078396091198584,0.09500799174137692
2025-09-18,0.004296674808482753,3.968573137843563,3.976278520937938,-0.0019378378687007203,0.0930500988659693
2025-09-19,0.010570578931587226,4.010523253442916,4.010523253442916,0.0,0.09672601594772212
2025-09-22,0.012551173310830327,4.060860025863993,4.060860025863993,0.0,0.09863967463700146
2025-09-23,-0.006557340118709364,4.034231585499931,4.060860025863993,-0.006557340118709454,0.10056560023142208
2025-09-24,-0.0038033486341497837,4.018887996309377,4.060860025863993,-0.010335748902274955,0.0998759625834828
2025-09-25,0.0019120344163258475,4.02657224847368,4.060860025863993,-0.008443476793568605,0.0997327772584292
2025-09-26,0.0037913554097571854,4.041838414950709,4.060860025863993,-0.00468413360522979,0.09999586963136416
2025-09-29,0.006254435254670482,4.067117831626858,4.067117831626858,0.0,0.09863861625223878
2025-09-30,0.006189681698489147,4.092291996434877,4.092291996434877,0.0,0.0993069612834852
2025-10-01,0.00037612942885617567,4.093831227886209,4.093831227886209,0.0,0.09378205904536317
2025-10-02,-0.00018977649332918009,4.093054314951499,4.093831227886209,-0.0001897764933292967,0.09283248605149268
2025-10-03,0.0017989417866596082,4.100417481393732,4.100417481393732,0.0,0.09127181917177507
2025-10-06,0.002940479989122213,4.112474676944817,4.112474676944817,0.0,0.08605510265687431
2025-10-07,-0.002202792212850596,4.103415749750898,4.112474676944817,-0.0022027922128505795,0.08621538947168632
2025-10-08,0.005608303934742659,4.126428952446111,4.126428952446111,0.0,0.08615963357163745
2025-10-09,-0.002055463403430191,4.117947228747504,4.126428952446111,-0.0020554634034301023,0.08700019788271436
2025-10-10,-0.020852009435915426,4.032079754277059,4.126428952446111,-0.022864612297062048,0.10911839262945762
2025-10-13,0.015567834551997272,4.0948505047921016,4.126428952446111,-0.007652730246401118,0.11394605185571167
2025-10-14,-0.008755363147846081,4.058998601586506,4.126428952446111,-0.01634109096186742,0.1160685103357798
2025-10-15,0.0049365456192427435,4.07903603335168,4.126428952446111,-0.011485213883626222,0.11474104898797685
2025-10-16,-0.0017989055028770958,4.07169823298485,4.126428952446111,-0.01326345857204625,0.11419950028069471
2025-10-17,0.003282710302803127,4.085064438724174,4.126428952446111,-0.010024288361348388,0.10868773237630439
2025-10-20,0.01490223989309511,4.145941048968794,4.145941048968794,0.0,0.11500819216564513
2025-10-21,-0.00921256697892644,4.1077462893644885,4.145941048968794,-0.009212566978926473,0.11974704446035887
2025-10-22,-0.004828711940498055,4.087911165808498,4.145941048968794,-0.013996794087250741,0.12106381672926599
2025-10-23,0.003346985835070016,4.101593346575483,4.145941048968794,-0.0106966553237271,0.12014994475987308
2025-10-24,0.010475009131196322,4.144557574333315,4.145941048968794,-0.00033369375472025453,0.12222558699544535
2025-10-27,0.011663310900341506,4.19289683786713,4.19289683786713,0.0,0.12488607342040524
2025-10-28,0.01122908987614768,4.239979253300954,4.239979253300954,0.0,0.12690258245143377
2025-10-29,0.0035112507690633118,4.25486688371492,4.25486688371492,0.0,0.12589139104780486
2025-10-30,-0.005322448186782797,4.232220575184689,4.25486688371492,-0.005322448186782847,0.1277702222809334
2025-10-31,-0.00250395282855908,4.2216232945043695,4.25486688371492,-0.00781307385614971,0.1259129004978399
2025-11-03,0.0017449181510814924,4.228989681617979,4.25486688371492,-0.00608178887945543,0.12167546098178286
2025-11-04,-0.010117651882358985,4.18620223620528,4.25486688371492,-0.016137907339110136,0.12410730785070818
2025-11-05,-0.002724141465953578,4.174798429108765,4.25486688371492,-0.018818086862507633,0.12376342156592353
2025-11-06,-0.009188802385362871,4.136437031344961,4.25486688371492,-0.027833973566420367,0.1274135735573369
2025-11-07,0.0002236891821164599,4.137362307561379,4.25486688371492,-0.027616510543086115,0.12713635488017733
2025-11-10,0.01925585994859853,4.217030776712391,4.25486688371492,-0.008892430253774286,0.1371633090570519
2025-11-11,0.0003043986772563624,4.218314435302771,4.25486688371492,-0.008590738420524824,0.13637741226356664
2025-11-12,0.004429044158925454,4.23699753621296,4.25486688371492,-0.004199743021421676,0.13670958980319636
2025-11-13,-0.018025510324574796,4.160623493378755,4.25486688371492,-0.0221495508348033,0.14760406765607673
2025-11-14,-0.0008394807186178522,4.157130730178635,4.25486688371492,-0.022970437432569213,0.14761401432139462
2025-11-17,-0.010695318683383736,4.112668892210888,4.25486688371492,-0.033420079967314775,0.150908435837012
2025-11-18,-0.009738858353783969,4.072616192413633,4.25486688371492,-0.04283346489612483,0.15344329089733277
2025-11-19,0.0055370506783118875,4.095166474664341,4.25486688371492,-0.037533585283670456,0.15341996679031752
2025-11-20,-0.013521759398596915,4.039792618896729,4.25486688371492,-0.05054782457269491,0.15814606670108478
2025-11-21,0.0014713883915831616,4.0457367228605765,4.25486688371492,-0.049150811663407845,0.14606652611491902
2025-11-24,0.011210330435374548,4.091090768378373,4.25486688371492,-0.03849147806794706,0.14257489665643294
2025-11-25,0.0022523397654048093,4.100305294799872,4.25486688371492,-0.03632583418922375,0.1402457582346967
2025-11-26,0.009969340718950405,4.141182635335449,4.25486688371492,-0.026718638088205737,0.14240995580563398
2025-11-28,0.004513296230484354,4.159873019313255,4.25486688371492,-0.022325930986288656,0.1426827601641183
2025-12-01,-0.000514873264613286,4.1577312119114245,4.25486688371492,-0.022829309225929628,0.1425222130807717
2025-12-02,0.003192301588951496,4.171003943865642,4.25486688371492,-0.01970988567709475,0.13623221862836693
2025-12-03,-0.00341941296461754,4.156741558904518,4.25486688371492,-0.0230619024030968,0.1337526942741948
2025-12-04,0.003909098349012896,4.172990670469704,4.25486688371492,-0.01924295529869302,0.13316381657041726
2025-12-05,-0.0018599042957357596,4.165229307195633,4.25486688371492,-0.021067069539206007,0.13312662639226155
2025-12-08,0.0034305757818186952,4.179518441982619,4.25486688371492,-0.017708765935942505,0.1300927342595132
2025-12-09,-0.00709840772534976,4.149850515985808,4.25486688371492,-0.024681469620366214,0.12719995445698404
2025-12-10,0.0027280414638016616,4.161171480261995,4.25486688371492,-0.02202076022907662,0.12280732692396558
2025-12-11,0.0037322654261880586,4.1767020767102165,4.25486688371492,-0.018370682124949966,0.12287321565814455
2025-12-12,-0.008313433600552861,4.141979341326195,4.25486688371492,-0.02653139227946022,0.12417338689103577
2025-12-15,-0.0017583158627151598,4.134696433347303,4.25486688371492,-0.02824305757427037,0.12409744347978316
2025-12-16,-8.335088244176283e-05,4.134351802750955,4.25486688371492,-0.028324054372940277,0.12390206008791918
2025-12-17,-0.00902442822880695,4.09704164163439,4.25486688371492,-0.03709287420591001,0.1232205259271099
2025-12-18,0.006342781228498612,4.123028280451326,4.25486688371492,-0.030985364963635686,0.12471183666836128
2025-12-19,0.010887255800907202,4.167916744014974,4.25486688371492,-0.02043545475717201,0.12596538574990598
2025-12-22,0.0065667159224033714,4.195286269261149,4.25486688371492,-0.014002932660904133,0.12727404910530346
2025-12-23,0.00959212699384666,4.235527987931443,4.25486688371492,-0.004545123575427135,0.11761042131699835
2025-12-24,0.0030703360595593088,4.2485324822440615,4.25486688371492,-0.0014887425726766157,0.11791019696003736
2025-12-26,0.0014508648492889131,4.254696528683612,4.25486688371492,-4.003768765603599e-05,0.11731060539653121
2025-12-29,-0.008401098192526919,4.218952405366737,4.25486688371492,-0.008440799519637499,0.10722473639179338
2025-12-30,-0.0013603192096448614,4.21321328336514,4.25486688371492,-0.00978963654755094,0.10729129994100864
2025-12-31,-0.006171570350002941,4.187211141187285,4.25486688371492,-0.015900789466899656,0.10394997559842083
2026-01-02,0.0003407245642310211,4.18863782687871,4.25486688371492,-0.01556548269223057,0.09921920835820933
2026-01-05,0.005718406725645081,4.212590161599225,4.25486688371492,-0.009936085727500599,0.09929334011301946
2026-01-06,0.001342357153033536,4.218244962135446,4.25486688371492,-0.008607066350216575,0.08929497561030805
2026-01-07,-0.002539969904373457,4.207530746882347,4.25486688371492,-0.011125174565095541,0.09004313729485038
2026-01-08,-0.0043193144891801975,4.189357098363667,4.25486688371492,-0.01539643592658213,0.08640129528588704
2026-01-09,0.002850196281579859,4.201297588387633,4.25486688371492,-0.012590122509429813,0.08650558445420356
2026-01-12,-0.0003343987581125749,4.199892679691615,4.25486688371492,-0.012920311146210728,0.08208323840063037
2026-01-13,-0.0075327152510019195,4.16825608405073,4.25486688371492,-0.020355701372393953,0.08433655180120676
2026-01-14,-0.00722173395402762,4.138154047559459,4.25486688371492,-0.027430431866662608,0.08694785192374392
2026-01-15,0.0018910000286661787,4.145979296982019,4.25486688371492,-0.025591302785442527,0.08659519278315896
2026-01-16,-0.0008333939039740446,4.142524063109912,4.25486688371492,-0.026403369053680348,0.0860789799084116
2026-01-20,-0.01976608570165948,4.060642577457295,4.25486688371492,-0.04564756349981214,0.10231490378787073
2026-01-21,0.005744539877627996,4.0839691006722925,4.25486688371492,-0.04016524787102538,0.10404709288789979
2026-01-22,0.008157872487318385,4.117285599837725,4.25486688371492,-0.03233503835426044,0.10652505346257378
2026-01-23,0.005834636506266143,4.141308464705261,4.25486688371492,-0.026689065043207783,0.10613469099204997
2026-01-26,0.009520621641753673,4.1807362956995116,4.25486688371492,-0.017422539891702726,0.10945198089621662
2026-01-27,0.008877748918380802,4.2178518228266935,4.25486688371492,-0.008699463908000915,0.11189212503766163
2026-01-28,0.005511062284890551,4.241096666930731,4.25486688371492,-0.003236344910552469,0.10974299425159952
2026-01-29,-0.010423358614336308,4.196890195453245,4.25486688371492,-0.013625969941286398,0.1142858456849956
2026-01-30,-0.013178491550200616,4.141581513475345,4.25486688371492,-0.026624891761752423,0.1209945720300933
2026-02-02,-0.00285033373711126,4.12977662396249,4.25486688371492,-0.029399335671628224,0.11824670348694083
2026-02-03,-0.0006850273417747953,4.126947614059653,4.25486688371492,-0.030064223664638012,0.11686810020852327
2026-02-04,-0.0002662268180984858,4.125848909927903,4.25486688371492,-0.030322446580131612,0.11226737930439132
2026-02-05,-0.017171554921699507,4.055001668772442,4.25486688371492,-0.04697331794502013,0.1204110027922484
2026-02-06,0.028753764376408517,4.1715982313022675,4.25486688371492,-0.019570213284780924,0.1454144869106974
2026-02-09,0.009998096708006648,4.213306273845777,4.25486688371492,-0.009767781461791802,0.148237449035825
2026-02-10,-0.003960844938673268,4.196618021015936,4.25486688371492,-0.013689937732699886,0.14853197370493437
2026-02-11,-0.003993272150757277,4.179859783145247,4.25486688371492,-0.017628542236363565,0.14701442190010414
2026-02-12,-0.02007196025588989,4.095961803702763,4.25486688371492,-0.03734666309311585,0.15782652733270847
2026-02-13,-0.0037847451082910046,4.0804596323024525,4.25486688371492,-0.040990060600954115,0.1572834693106346
2026-02-17,0.004499089159507197,4.098817983999951,4.25486688371492,-0.03667538937874415,0.15800863069610607
2026-02-18,0.007427785864182046,4.129263126281361,4.25486688371492,-0.02952002045335289,0.15868582298344538
2026-02-19,-0.002791874184773451,4.1177347431569595,4.25486688371492,-0.03222947845508861,0.15869450849136707
2026-02-20,0.007889979839675371,4.150223587265599,4.25486688371492,-0.024593788550667073,0.16054355145525162
2026-02-23,-0.007848071546491328,4.117652335618803,4.25486688371492,-0.032248846285013566,0.16161288004651916
2026-02-24,0.0062036650013240595,4.143196871300901,4.25486688371492,-0.026245242322720852,0.16251126727577297
2026-02-25,0.012208144916514972,4.193777619123394,4.25486688371492,-0.01435750312785078,0.1665791052086195
2026-02-26,-0.006918260903429184,4.164763971383336,4.25486688371492,-0.02117643507871969,0.1663468671362122
2026-02-27,-0.016314200532341196,4.096819176784319,4.25486688371492,-0.037145159002626604,0.17178731693560437
2026-03-02,0.006036721355850034,4.121550532599869,4.25486688371492,-0.03133267262139405,0.17266015272998764
2026-03-03,-0.005586135898481315,4.098526991212308,4.25486688371492,-0.03674377995254963,0.1733740543269992
2026-03-04,0.0037082032340070795,4.113725162255787,4.25486688371492,-0.03317183012219216,0.16353921017072248
2026-03-05,-0.004646363010506105,4.094611301826493,4.25486688371492,-0.03766406476822781,0.16340774286242524
2026-03-06,-0.010264838480995065,4.052580778170787,4.25486688371492,-0.047542287707839304,0.16427181407377633
2026-03-09,0.008292825166124717,4.086188122035756,4.25486688371492,-0.039643722421673244,0.1652440520765305
2026-03-10,7.826536553000047e-05,4.086507929042751,4.25486688371492,-0.03956855978656948,0.16256529795467703
2026-03-11,-0.0018157730576359055,4.07908775804538,4.25486688371492,-0.04131248531941556,0.16001989682390488
2026-03-12,-0.013966462216102099,4.022117332996475,4.25486688371492,-0.054701958270250706,0.1629936120330794
2026-03-13,-0.010658661709681416,3.979246944987419,4.25486688371492,-0.06477757031187248,0.16310424842082344
2026-03-16,0.009919438066480702,4.018718838609454,4.25486688371492,-0.05550068934219754,0.16274459558279103
2026-03-17,0.000509936294129959,4.020768129201164,4.25486688371492,-0.055019054863912564,0.1626955021221797
2026-03-18,-0.012724742316812044,3.9696048908414285,4.25486688371492,-0.06704369388506681,0.16629759883581746
2026-03-19,-0.007063547884120136,3.9415653966139326,4.25486688371492,-0.07363367542710153,0.16711594243230465
2026-03-20,-0.016818822931496714,3.8752729061353683,4.25486688371492,-0.08921406660979447,0.16683081234261474
2026-03-23,0.007361070423675199,3.9037990629083916,4.25486688371492,-0.08250970721321627,0.14298524575795607
2026-03-24,-0.004105228783260884,3.8877730746312733,4.25486688371492,-0.08627621477152703,0.13832257918893495
2026-03-25,0.009517261830977286,3.924774028921963,4.25486688371492,-0.07758006626631597,0.1426522669812925
2026-03-26,-0.018216045430332773,3.8532801669073304,4.25486688371492,-0.09438290968505325,0.14998149653848022
2026-03-27,-0.014438273753735686,3.797645453007682,4.25486688371492,-0.10745845715108204,0.14510934524517782
2026-03-30,-0.0013650071026425291,3.7924616399910085,4.25486688371492,-0.1086767826964743,0.14508931598327407
2026-03-31,0.03241273391348467,3.915385690005135,4.25486688371492,-0.07978656042310406,0.17590069965729602
2026-04-01,0.0057050100854000255,3.9377230048548446,4.25486688371492,-0.07453673346959733,0.17521331260575002
2026-04-02,0.0017083216538998577,3.9444499023310975,4.25486688371492,-0.07295574453149456,0.17541551896498336
2026-04-06,0.003278525411815608,3.957381881571523,4.25486688371492,-0.06991640638206353,0.17380114965383453
2026-04-07,-0.0009156108838598463,3.9537584596491664,4.25486688371492,-0.07076800104327963,0.17276853044422522
2026-04-08,0.018747441512283414,4.027881315125135,4.25486688371492,-0.05334727849149634,0.1811231681073871
2026-04-09,0.0047518816906103045,4.047021330598429,4.25486688371492,-0.048848896756793825,0.1776988140702664
2026-04-10,0.0021844112352790656,4.055861689462402,4.25486688371492,-0.0467711916004212,0.17707797880481208
2026-04-13,0.00895827987222284,4.092195233599632,4.25486688371492,-0.038231901152512404,0.17296711651383473
2026-04-14,0.012879535008858058,4.144900805373861,4.25486688371492,-0.025844775253003438,0.17614350648643184
2026-04-15,0.010716146463584297,4.189318169481275,4.25486688371492,-0.015405585186348714,0.1777811329816378
2026-04-16,0.002942222685380131,4.201644076435798,4.25486688371492,-0.012508689163185482,0.17768574864479156
2026-04-17,0.012137425880116959,4.2526412199881705,4.25486688371492,-0.000523086570644038,0.1798885446277887
2026-04-20,0.0021282016811836387,4.2616916981820205,4.2616916981820205,0.0,0.1765043657299249
2026-04-21,-0.009793650094625878,4.219954180878854,4.2616916981820205,-0.00979365009462596,0.17844111282564096
2026-04-22,0.012564802352470483,4.272977071098078,4.272977071098078,0.0,0.18144297952368194
2026-04-23,-0.010526973933604552,4.227995552851739,4.272977071098078,-0.010526973933604467,0.1845772333440816
2026-04-24,0.008990641433167336,4.266007944848455,4.272977071098078,-0.0016309767484504745,0.18005657012557924
2026-04-27,0.00487123709063964,4.286788680978364,4.286788680978364,0.0,0.17613240612316403
2026-04-28,-0.001892170550504591,4.27867734567998,4.286788680978364,-0.0018921705505047237,0.17515852100486912
2026-04-29,-0.0076642201145992565,4.24588462070334,4.286788680978364,-0.009541888653510466,0.1774113357013328
2026-04-30,-0.00685404857956865,4.2167831212497955,4.286788680978364,-0.016330536664707074,0.1739954655511953
2026-05-01,0.00690119214673649,4.245883951810656,4.286788680978364,-0.009542044689352935,0.17232245383595643
2026-05-04,-0.007853786325970169,4.212537686488269,4.286788680978364,-0.017320889835220177,0.16539075922390925
2026-05-05,0.005543240243178355,4.2358887949179165,4.286788680978364,-0.011873663445624016,0.16504228623550068
2026-05-06,0.020588415304941134,4.323099032613233,4.323099032613233,0.0,0.1714860288937502
2026-05-07,2.3404006135974197e-05,4.323200210449519,4.323200210449519,0.0,0.17084580393043913
2026-05-08,0.004273498587432778,4.341675400442065,4.341675400442065,0.0,0.15822001323119525
2026-05-11,0.0008886898974000577,4.3455338035082285,4.3455338035082285,0.0,0.14861534354598416
2026-05-12,0.0013000759281517112,4.351183327401139,4.351183327401139,0.0,0.1478934695796533
2026-05-13,0.0026164024083366157,4.362567773938065,4.362567773938065,0.0,0.1222489800495445
2026-05-14,0.008599559249018653,4.400083933987905,4.400083933987905,0.0,0.12295964841721965
2026-05-15,-0.008300195524177462,4.363562377013014,4.400083933987905,-0.00830019552417749,0.12772344809284253
2026-05-18,-0.0011316285771235167,4.3586244451291245,4.400083933987905,-0.009422431362850148,0.12839852486769548
2026-05-19,-0.008895584942748091,4.31985193114394,4.400083933987905,-0.018234198267042867,0.1326635336540102
2026-05-20,0.012639565677821972,4.374452983346099,4.400083933987905,-0.005825104935799685,0.1274374441729339
2026-05-21,-0.0005022444953078462,4.372255938415231,4.400083933987905,-0.006324423804218937,0.12764286316596488
2026-05-22,0.0010867893537358955,4.377007659620909,4.400083933987905,-0.005244507766941964,0.1277143677923036
2026-05-26,0.0005677895353341347,4.379492878766119,4.400083933987905,-0.004679696008235812,0.12637813449704602
2026-05-27,-0.006341836349244661,4.351718851636302,4.400083933987905,-0.010991854491232078,0.12465566574266128
2026-05-28,0.008559121319854653,4.388965741237356,4.400083933987905,-0.0025268137874980834,0.12344392920237657
2026-05-29,0.008653986572614767,4.42694779182969,4.42694779182969,0.0,0.12508977679508765
2026-06-01,0.007878275166495297,4.461824504681433,4.461824504681433,0.0,0.12260756398552361
2026-06-02,-6.801148909428811e-05,4.4615210493527915,4.461824504681433,-6.801148909441057e-05,0.12269530883048642
2026-06-03,-0.015377510683334403,4.3929139617524475,4.461824504681433,-0.015444476325028655,0.12813116316500495
2026-06-04,0.01044511818312357,4.438798467251245,4.461824504681433,-0.005160677522396573,0.12666089584720705
2026-06-05,-0.023781731322641386,4.333236154707723,4.461824504681433,-0.028819678998757592,0.14227914633282496
2026-06-08,-0.0024260873946075952,4.322723345094929,4.461824504681433,-0.031175847333429596,0.14044482072213377
2026-06-09,-0.00968841175003678,4.280843021446153,4.461824504681433,-0.04056221463784382,0.1428069312038537
2026-06-10,-0.01660442401947806,4.209762088757238,4.461824504681433,-0.05649312644630611,0.15064527880773246
2026-06-11,0.012704203481820164,4.263243762942862,4.461824504681433,-0.04450662313818399,0.15375950246053452
2026-06-12,0.0024585597253600653,4.273725202357826,4.461824504681433,-0.042157485603983025,0.15241980776764608
2026-06-15,0.01693630570954392,4.346106318903541,4.461824504681433,-0.025935171958573977,0.1587309439483137
2026-06-16,0.0007852538194699384,4.349519115490282,4.461824504681433,-0.025170283831943085,0.15658602785852135
2026-06-17,-0.012883089946936217,4.293483869499503,4.461824504681433,-0.03772910274828234,0.1610991618153229
2026-06-18,0.004143605074721573,4.311274371049397,4.461824504681433,-0.033741832175173125,0.14994448712977568
2026-06-22,-0.005880216278119588,4.285923145313312,4.461824504681433,-0.03942363918248282,0.15089328736242033
2026-06-23,-0.008326665506194614,4.250235696897031,4.461824504681433,-0.04742203723216787,0.15202951966364
2026-06-24,-0.006858116075343444,4.221087087140143,4.461824504681433,-0.053954927471643765,0.1529965024925009
2026-06-25,-0.014844381341010997,4.1584276607450175,4.461824504681433,-0.06799838129403912,0.15803029735320495
2026-06-26,0.007783919951876707,4.190796528781926,4.461824504681433,-0.060743755299012436,0.15988771608202512
2026-06-29,0.0012545017413928944,4.196053890325107,4.461824504681433,-0.059565456704420816,0.15733713521267698
2026-06-30,0.00919422516852522,4.234633354612023,4.461824504681433,-0.050918889757101904,0.15896088800413466
2026-07-01,0.007993408239491594,4.268482507760005,4.461824504681433,-0.043332496990540315,0.1610568094253952
2026-07-02,0.009534196499869883,4.309179058745246,4.461824504681433,-0.0342114410318084,0.1617103677153471
2026-07-06,0.0059454748414639325,4.334799174426379,4.461824504681433,-0.028469369452289284,0.1582796443120109
2026-07-07,-0.0016381020499335096,4.3276983310127015,4.461824504681433,-0.030060835769762706,0.15832927304499578
2026-07-08,-0.0007777190202148284,4.324332597706921,4.461824504681433,-0.030815175906235726,0.15828027583582127
2026-07-09,0.00581261388191589,4.349468273394374,4.461824504681433,-0.025181678743566138,0.1592728898217902
2026-07-10,0.006888916851482935,4.3794313986779505,4.461824504681433,-0.018466236383128387,0.15944133677429512
2026-07-13,-0.007650786316113023,4.3459253048605895,4.461824504681433,-0.025975741470611324,0.15903110126447764
2026-07-14,0.008568939116496232,4.3831652742027805,4.461824504681433,-0.017629386901282462,0.1589897709427399
2026-07-15,0.01348240305159436,4.442260875071335,4.461824504681433,-0.004384670349443676,0.1622849176631079
2026-07-16,-0.0036177468146535484,4.4261898999406855,4.461824504681433,-0.00798655453690722,0.16260543101402197
2026-07-17,-0.007388260022282057,4.393488058051925,4.461824504681433,-0.015315807817588567,0.1577063088498036
2026-07-20,-0.0019086342612672945,4.385102496217858,4.461824504681433,-0.017195209803316236,0.15466703098165205
2026-07-21,0.007965057675502235,4.4200300905132215,4.461824504681433,-0.009367112965639857,0.13951715485804017
2026-07-22,0.0017596939617934126,4.4278079907744425,4.461824504681433,-0.0076239022559716485,0.13922966692917896
2026-07-23,-0.011717602022056805,4.375924698908465,4.461824504681433,-0.01925217042553784,0.140679484403603
2026-07-24,0.005785766751919945,4.401242778540315,4.461824504681433,-0.013577792241168285,0.13130410434956405
2026-07-27,-0.00018332185858839728,4.4004359345340545,4.461824504681433,-0.013758624993647328,0.12700476068718042
2026-07-28,0.0035588021756344014,4.4160962155116135,4.461824504681433,-0.010248787042574259,0.12714794024626105
2026-07-29,-0.016788973556413574,4.341954492926811,4.461824504681433,-0.026865693984344685,0.128268234648083
2026-07-30,0.032722780259857386,4.484035315697155,4.484035315697155,0.0,0.15955177952270708
2026-07-31,-0.0024229325794770163,4.473170800443227,4.484035315697155,-0.0024229325794770107,0.15440318877355605
2026-08-03,0.012722790750247626,4.530082016527384,4.530082016527384,0.0,0.15768872818137405
2026-08-04,0.015488047167025176,4.600244140469853,4.600244140469853,0.0,0.1608929342665498
2026-08-05,0.008986379946250105,4.641583682161626,4.641583682161626,0.0,0.15866139689118752
2026-08-06,0.0022206051560561485,4.651890806818499,4.651890806818499,0.0,0.15592368286448857
2026-08-07,0.008170836923214174,4.689900647985612,4.689900647985612,0.0,0.1466551401916273
2026-08-10,-0.0037035135057250537,4.6725315375952885,4.689900647985612,-0.0037035135057249535,0.14789314529632075
2026-08-11,-0.0022665922454743197,4.661940813845441,4.689900647985612,-0.00596171139620616,0.14874361471002778
2026-08-12,0.0025402314682418377,4.673783222603853,4.689900647985612,-0.003436624054857451,0.1477998050412123
2026-08-13,0.003317186726839099,4.689287034273998,4.689900647985612,-0.0001308372517181411,0.14713928023009018
2026-08-14,-0.0007525471236798587,4.685758124804246,4.689900647985612,-0.0008832859142005045,0.14629726338230117
2026-08-17,-0.006388493953680735,4.655823187355524,4.689900647985612,-0.007266137001158968,0.14837285612103313
2026-08-18,-0.0026640276817026243,4.643419945503296,4.689900647985612,-0.009910807492751417,0.1486465995056892
2026-08-19,0.006084445185259125,4.671672579633849,4.689900647985612,-0.0038866640724236623,0.14870555590790838
2026-08-20,-0.008359148555478441,4.632621374538135,4.689900647985612,-0.012213323425535494,0.15170446123036155
2026-08-21,0.0006680172408245644,4.635716045486539,4.689900647985612,-0.011553464895326826,0.15108538411888323
2026-08-24,0.00025683997043751195,4.636906682658618,4.689900647985612,-0.011299592316471596,0.14843807530618636
2026-08-25,0.006620891264548434,4.667607137608359,4.689900647985612,-0.004753514423984306,0.14781836438559168
2026-08-26,-0.0010629011094115016,4.662645932803498,4.689900647985612,-0.005811363017640847,0.14408370231137435
2026-08-27,0.01672469856046973,4.740627280523836,4.740627280523836,0.0,0.14957312544563686
2026-08-28,-0.0044645760419888825,4.71946238954321,4.740627280523836,-0.00446457604198891,0.14815524335274655
2026-08-31,-0.0027511225155605174,4.7064785703019965,4.740627280523836,-0.0072034159618780125,0.14838958461378682
2026-09-01,-0.00529311579116324,4.68156663426076,4.740627280523836,-0.012458403238263083,0.14904442920388974
2026-09-02,0.006513984883141145,4.712062288545753,4.740627280523836,-0.006025572205483831,0.14962464273458895
2026-09-03,0.014762563236145332,4.781624406053066,4.781624406053066,0.0,0.14802028928799227
2026-09-04,-0.008433916984889234,4.741296582759493,4.781624406053066,-0.008433916984889378,0.15139484279413715
2026-09-08,-0.01148823943003512,4.686827432407945,4.781624406053066,-0.019825265557268934,0.15660945306616297
2026-09-09,-0.0025687745180923154,4.674788029528879,4.781624406053066,-0.022343113438383466,0.15713674628121915
2026-09-10,-0.0023948319263768954,4.663592697906719,4.781624406053066,-0.024684437363363454,0.14746363299397894
2026-09-11,0.007098800792180087,4.696698613445024,4.781624406053066,-0.017760866474692993,0.11734125679891105
2026-09-14,-0.006585117807708147,4.665770299768189,4.781624406053066,-0.024229026884298288,0.11917831702825908
2026-09-15,-0.0022282993291811107,4.655373566939103,4.781624406053066,-0.02640333668912631,0.11466347439000066
2026-09-16,-0.003152361708281559,4.640698145568938,4.781624406053066,-0.02947246552985827,0.10654497045630082
2026-09-17,0.013403387587352968,4.702899221489909,4.781624406053066,-0.016464108821156898,0.1103697269970362
2026-09-18,0.0008894344006635026,4.707082141840355,4.781624406053066,-0.015589318165255217,0.11025266199290744
2026-09-21,0.011198056354246744,4.759792312928751,4.781624406053066,-0.004565831874347337,0.11243039217061296
2026-09-22,-0.004553908149916569,4.738116655922995,4.781624406053066,-0.009098947645280187,0.1127344190453424
2026-09-23,-0.008532617202965486,4.697688120235009,4.781624406053066,-0.01755392701103875,0.11549434110855973
2026-09-24,-0.0032070548696481625,4.682622376672921,4.781624406053066,-0.020704685473584727,0.11571802014402348
2026-09-25,0.01151572668681634,4.736546176140257,4.781624406053066,-0.009427388285818572,0.12006374851654704
2026-09-28,-0.00980771029847406,4.690091503429328,4.781624406053066,-0.01914263749111411,0.12361005995131613
2026-09-29,-0.005411485589293556,4.664711140846052,4.781624406053066,-0.02445053297348354,0.12319890847755892
2026-09-30,0.0002021976294329876,4.665654334380721,4.781624406053066,-0.024253279183856002,0.12292137236879351
