Date,Portfolio_Return,Cumulative_Return,Running_Peak,Drawdown,Rolling_30D_Volatility
2020-01-03,-0.0063540132705133,0.9936459867294867,0.9936459867294867,0.0,
2020-01-06,0.0033368411024719,0.9969616254993119,0.9969616254993119,0.0,
2020-01-07,-0.0034676480153317,0.9935045134972873,0.9969616254993119,-0.0034676480153317257,
2020-01-08,0.005908399688818,0.999374535255674,0.999374535255674,0.0,
2020-01-09,0.0083971291146632,1.0077664122621224,1.0077664122621224,0.0,
2020-01-10,-0.0001315866467921,1.007633803659183,1.0077664122621224,-0.00013158664679224774,
2020-01-13,0.0112868745554688,1.019006839998934,1.019006839998934,0.0,
2020-01-14,-0.0040101304233745,1.0149204896682276,1.019006839998934,-0.004010130423374503,
2020-01-15,-0.0012579732673997,1.0136437468236887,1.019006839998934,-0.0052630590539027855,
2020-01-16,0.0084530300001552,1.0222121078250592,1.0222121078250592,0.0,
2020-01-17,0.0037014840507089,1.025995809638615,1.025995809638615,0.0,
2020-01-21,-0.0030695026675944,1.0228465127639885,1.025995809638615,-0.003069502667594537,
2020-01-22,0.0013617073636417,1.0242393303922943,1.025995809638615,-0.0017119750683382007,
2020-01-23,0.0042957224179254,1.0286391782451814,1.0286391782451814,0.0,
2020-01-24,-0.0074650798466713,1.0209603046461666,1.0286391782451814,-0.007465079846671441,
2020-01-27,-0.0153050901354349,1.005334415158856,1.0286391782451814,-0.022655916262184883,
2020-01-28,0.0151817560590766,1.020597157007592,1.0286391782451814,-0.007818116797095653,
2020-01-29,0.0051401544507138,1.0258431840265703,1.0286391782451814,-0.002718148674232812,
2020-01-30,0.0067033451838986,1.0327197649936501,1.0327197649936501,0.0,
2020-01-31,-0.0206243656138484,1.0114205749837735,1.0327197649936501,-0.020624365613848394,
2020-02-03,0.0076189152898843,1.0191265026670209,1.0327197649936501,-0.013162585618483713,
2020-02-04,0.016693753942773,1.0361395497391028,1.0361395497391028,0.0,
2020-02-05,0.0071324299906488,1.0435297425381593,1.0435297425381593,0.0,
2020-02-06,0.0086364771212524,1.0525421632849365,1.0525421632849365,0.0,
2020-02-07,-0.0034289661044923,1.0489330318834835,1.0525421632849365,-0.0034289661044922815,
2020-02-10,0.0140712270482352,1.0636928067335099,1.0636928067335099,0.0,
2020-02-11,-0.0017034111153359,1.061880900583217,1.0636928067335099,-0.0017034111153360065,
2020-02-12,0.0070861250801881,1.0694055214650124,1.0694055214650124,0.0,
2020-02-13,-0.0022397571475481,1.0670103128046837,1.0694055214650124,-0.0022397571475482048,
2020-02-14,0.012625910641844,1.0804822896680817,1.0804822896680817,0.0,0.1360409099335337
2020-02-18,0.0017494771112421,1.0823725687029584,1.0823725687029584,0.0,0.1333979518562659
2020-02-19,0.0153705357102894,1.0990092149220447,1.0990092149220447,0.0,0.1382209306794107
2020-02-20,-0.0063192300705872,1.092064322843257,1.0990092149220447,-0.006319230070587212,0.1396719285504264
2020-02-21,-0.0167018936796996,1.0738247806317356,1.0990092149220447,-0.022915580641510447,0.1507860383968531
2020-02-24,-0.0324701585201895,1.0389575197817154,1.0990092149220447,-0.054641666625687924,0.1803765614653599
2020-02-25,-0.0277319301147739,1.01014522245091,1.0990092149220447,-0.08085827786024347,0.1987851192165007
2020-02-26,0.0070824905967116,1.0172995664902316,1.0990092149220447,-0.07434846525614347,0.1971063952269099
2020-02-27,-0.042843985437289,0.9737143986781637,1.0990092149220447,-0.11400706613071343,0.2328908460131037
2020-02-28,0.0051861644818211,0.9787642417080262,1.0990092149220447,-0.1094121610459361,0.2336426855410564
2020-03-02,0.0429456683338674,1.0207979262094684,1.0990092149220447,-0.07116527109203907,0.2651144199401155
2020-03-03,-0.0243303786890724,0.9959615260997723,1.0990092149220447,-0.09376417178593166,0.2740921459930126
2020-03-04,0.0341958251866906,1.0300192523389495,1.0990092149220447,-0.06277468982640766,0.2921488915306277
2020-03-05,-0.0239034719616695,1.0053982160206856,1.0990092149220447,-0.0851776287499093,0.3004819403401997
2020-03-06,-0.0160271490431411,0.9892845489648139,1.0990092149220447,-0.09983962324193418,0.3034539919080774
2020-03-09,-0.0667063320027014,0.9232930053964243,1.0990092149220447,-0.1598860201896345,0.3579029196281588
2020-03-10,0.0453867850958086,0.965198306612815,1.0990092149220447,-0.12175594753199703,0.3823077976294305
2020-03-11,-0.0412449723102809,0.9253887291826395,1.0990092149220447,-0.1579790991577087,0.396185797715618
2020-03-12,-0.0822631073309984,0.8492633768309918,1.0990092149220447,-0.22724635489864198,0.4569867785338278
2020-03-13,0.0951109520815456,0.9300376251693759,1.0990092149220447,-0.15374901998856705,0.5420393371508748
2020-03-16,-0.1080839290268676,0.8295155044982526,1.0990092149220447,-0.24521515085103984,0.6204577094581905
2020-03-17,0.0495380680541271,0.8706081000120406,1.0990092149220447,-0.20782456762767465,0.6399462971824084
2020-03-18,-0.0535127902195348,0.8240194313926684,1.0990092149220447,-0.25021608535728423,0.652034422968196
2020-03-19,0.0126034606814411,0.8344049278969694,1.0990092149220447,-0.24076621326950776,0.6532404839232305
2020-03-20,-0.0230068033073901,0.8152079378421268,1.0990092149220447,-0.2582337556651412,0.6532658930298342
2020-03-23,-0.0042279775566238,0.8117612569769487,1.0990092149220447,-0.26136992669845016,0.6532251104763045
2020-03-24,0.0933712980447526,0.8875564592433263,1.0990092149220447,-0.1924030779793937,0.713794050578601
2020-03-25,0.0025903709764811,0.8898555597353386,1.0990092149220447,-0.19031110235189597,0.7140766506164509
2020-03-26,0.0482738886243826,0.9328123479177899,1.0990092149220447,-0.1512242706864324,0.7298834615616862
2020-03-27,-0.0296189590836042,0.905183417152132,1.0990092149220447,-0.1763641242841273,0.7337695628502768
2020-03-30,0.0324778032716248,0.9345817860991361,1.0990092149220447,-0.1496142403451748,0.7400090566102939
2020-03-31,-0.0163335601008564,0.9193167383267201,1.0990092149220447,-0.16350406725940925,0.7406925506068955
2020-04-01,-0.0410023554475541,0.8816225866529618,1.0990092149220447,-0.19780237082407237,0.7456383536826131
2020-04-02,0.0257514353883583,0.9043256337300729,1.0990092149220447,-0.17714463040765416,0.7513846084178266
2020-04-03,-0.0169174502723667,0.8890267497914179,1.0990092149220447,-0.19106524520408263,0.7514135823530274
2020-04-06,0.0648996044809658,0.9467242342258795,1.0990092149220447,-0.13856569956692055,0.773368153314213
2020-04-07,-0.0079896820866631,0.9391602085706752,1.0990092149220447,-0.14544828576592783,0.7697561221156646
2020-04-08,0.021082525548036,0.9589600776615653,1.0990092149220447,-0.12743217741847002,0.7721445434544546
2020-04-09,0.0181383561990082,0.9763540371308195,1.0990092149220447,-0.11160523144469314,0.7634835588633926
2020-04-13,-0.0004794573954063,0.9758859169671823,1.0990092149220447,-0.11203117888651726,0.7634039169721766
2020-04-14,0.02538722845914,1.0006609556912855,1.0990092149220447,-0.089488111560316,0.7566919318495614
2020-04-15,-0.0140926054516877,0.9865590356518196,1.0990092149220447,-0.10231959636316745,0.7543580462024632
2020-04-16,0.0093955009873182,0.9958282520453339,1.0990092149220447,-0.09388543924450143,0.7482111001922713
2020-04-17,0.0136793339931849,1.0094505193049115,1.0990092149220447,-0.08149039553183901,0.7457226426391087
2020-04-20,-0.0162659672611043,0.9930308302061931,1.0990092149220447,-0.09643084268712787,0.7457709198370293
2020-04-21,-0.0298525532515086,0.963386324467073,1.0990092149220447,-0.12340468907223112,0.7239412077864754
2020-04-22,0.0245494383919875,0.9870369176872607,1.0990092149220447,-0.1018847664919047,0.7156678847727519
2020-04-23,-0.0019226217176865,0.9851392190731567,1.0990092149220447,-0.10361150234483252,0.7041298190356184
2020-04-24,0.0148253439162045,0.9997442468012574,1.0990092149220447,-0.09032223458456479,0.6565360764873304
2020-04-27,0.0103798620343575,1.0101214541526973,1.0990092149220447,-0.08087990488382979,0.600445699886709
2020-04-28,-0.0081257910599111,1.001913418271119,1.0990092149220447,-0.08834848273570939,0.5006991821056225
2020-04-29,0.0246288898162347,1.0265894334551255,1.0990092149220447,-0.06589551796620385,0.4872414750432762
2020-04-30,-0.0064970966858339,1.0199195826493122,1.0990092149220447,-0.07196448510064823,0.4553900784697847
2020-05-01,-0.0189269462418684,1.0006156195374798,1.0990092149220447,-0.08952936340169293,0.4614621954089119
2020-05-04,0.0089516736803077,1.0095728040429983,1.0990092149220447,-0.08137912736736275,0.4529386683725002
2020-05-05,0.0065272014932279,1.01616248915707,1.0990092149220447,-0.07538310383580471,0.4515815484269525
2020-05-06,-0.0019826533986311,1.0141477911443812,1.0990092149220447,-0.07721629866741642,0.3723622616588816
2020-05-07,0.0131700105565637,1.0275041282596686,1.0990092149220447,-0.06506322757944127,0.3730987963346578
2020-05-08,0.0120652652297936,1.0399012380918295,1.0990092149220447,-0.05378296744709998,0.350754171604738
2020-05-11,0.003110815139612,1.0431361786069868,1.0990092149220447,-0.050839461176875655,0.3361271004307368
2020-05-12,-0.0174759358624905,1.0249063976538078,1.0990092149220447,-0.06742692987655541,0.3317345525842053
2020-05-13,-0.0115579695992852,1.0130605606676122,1.0990092149220447,-0.0782055810701543,0.3295614679963562
2020-05-14,0.0168893770481723,1.0301705224493605,1.0990092149220447,-0.06263704756794708,0.3033812692875314
2020-05-15,0.0083451981409158,1.038767499578131,1.0990092149220447,-0.05481456799994777,0.2973585690386262
2020-05-18,0.0206370710359897,1.0602046182568023,1.0990092149220447,-0.035308709097580104,0.2934211249937185
2020-05-19,-0.0046249065133119,1.055301271012383,1.0990092149220447,-0.03977031613221005,0.2357777374484076
2020-05-20,0.0162342629292798,1.072433309315601,1.0990092149220447,-0.024181694971801226,0.2357654713686208
2020-05-21,-0.0106704646727001,1.0609899475747222,1.0990092149220447,-0.03459412972257869,0.2343621872995555
2020-05-22,0.0057302436397001,1.067069678473598,1.0990092149220447,-0.029062118874692344,0.2303436626380899
2020-05-26,0.0026192352733505,1.069864585014579,1.0990092149220447,-0.026519004128216617,0.2301039589731599
2020-05-27,0.0091999958906947,1.079707334800313,1.0990092149220447,-0.017562982966526697,0.2211310108866815
2020-05-28,-0.0035814670759627,1.0758403985290501,1.0990092149220447,-0.021081548797239225,0.2162681262625891
2020-05-29,0.00676094429611,1.0831140955350098,1.0990092149220447,-0.014463135678222994,0.2157233036245406
2020-06-01,0.0029143391848253,1.086270657385264,1.0990092149220447,-0.011590946976440253,0.2132889326587141
2020-06-02,0.0038713316188815,1.0904759713278627,1.0990092149220447,-0.007764487757081606,0.2057148138260048
2020-06-03,0.007826816278829,1.0990109264119234,1.0990109264119234,0.0,0.180543575211507
2020-06-04,-0.0010481618120914,1.0978589851277871,1.0990109264119234,-0.0010481618120915526,0.1707743338918664
2020-06-05,0.0195447038584616,1.119316313870461,1.119316313870461,0.0,0.175986232872892
2020-06-08,0.0067603825760512,1.1268833203758406,1.1268833203758406,0.0,0.1733369973337085
2020-06-09,0.0067501376513851,1.1344899379054274,1.1344899379054274,0.0,0.172503487862047
2020-06-10,0.0104615765526805,1.1463584912390707,1.1463584912390707,0.0,0.1695981831180158
2020-06-11,-0.0472698936234128,1.0921702473039039,1.1463584912390707,-0.04726989362341283,0.2170317300554923
2020-06-12,0.0104793152723852,1.1036154436565204,1.1463584912390707,-0.03728593446919948,0.2167258701959314
2020-06-15,0.010681936128808,1.1154041933364254,1.1463584912390707,-0.027002284310894464,0.207829795899918
2020-06-16,0.0093969594141852,1.1258856012716196,1.1463584912390707,-0.017859064266469105,0.2079313550245974
2020-06-17,-0.0009376469756582,1.1248299180426502,1.1463584912390707,-0.01877996574452978,0.2081827487071329
2020-06-18,0.0014983746587402,1.126515334687238,1.1463584912390707,-0.01730973051055318,0.2076332474911196
2020-06-19,-0.0027200272448522,1.123451182285145,1.1463584912390707,-0.019982674816815704,0.2063677955245995
2020-06-22,0.0127066463213587,1.1377264791177546,1.1463584912390707,-0.00752994127690898,0.2066191374548645
2020-06-23,0.0059041471258896,1.1444437836394863,1.1463584912390707,-0.0016702520321674186,0.2067807803013121
2020-06-24,-0.0184624448880355,1.1233145533565874,1.1463584912390707,-0.02010185998410996,0.2076549225033405
2020-06-25,0.0156216139838982,1.140862539691619,1.1463584912390707,-0.004794269497241932,0.205866276595224
2020-06-26,-0.0243626360718457,1.1130681208291104,1.1463584912390707,-0.029040104526095956,0.2178783099074044
2020-06-29,0.0091495056501009,1.1232521438895837,1.1463584912390707,-0.02015630147643599,0.218072564919451
2020-06-30,0.0141691755786972,1.1391677007355032,1.1463584912390707,-0.006272724072375668,0.2142219721406096
2020-07-01,0.0005855181310813,1.1398347040786259,1.1463584912390707,-0.005690878734970095,0.213248940064771
2020-07-02,0.0043466412907774,1.144789156668035,1.1463584912390707,-0.0013689736526829588,0.2094226247022958
2020-07-06,0.0178484487899118,1.1652218673060708,1.1652218673060708,0.0,0.2104254177665119
2020-07-07,-0.0059717645326477,1.158263436686227,1.1652218673060708,-0.005971764532647583,0.2119376462753689
2020-07-08,0.0153668075204847,1.1760622479757994,1.1760622479757994,0.0,0.215027978388662
2020-07-09,0.0029329731232841,1.1795116069404215,1.1795116069404215,0.0,0.2142868678025124
2020-07-10,0.0088630702359203,1.1899657011568177,1.1899657011568177,0.0,0.2139801190676357
2020-07-13,-0.0105641779905111,1.1773946916871936,1.1899657011568177,-0.010564177990511237,0.2175169127548938
2020-07-14,0.0123176286740268,1.1918974023021667,1.1918974023021667,0.0,0.2192310871399219
2020-07-15,0.0024241593078981,1.1947867514840171,1.1947867514840171,0.0,0.219232217172793
2020-07-16,-0.0068807320582957,1.1865657439802542,1.1947867514840171,-0.006880732058295647,0.2206414570865514
2020-07-17,-0.0016606355536595,1.1845952907190462,1.1947867514840171,-0.008529941223663795,0.2207378557508751
2020-07-20,0.0151853474533392,1.2025837818002043,1.2025837818002043,0.0,0.2181823407660668
2020-07-21,-0.0017483409371812,1.200481255344093,1.2025837818002043,-0.0017483409371811254,0.2181279483145051
2020-07-22,0.0060494543456635,1.2077435118911217,1.2077435118911217,0.0,0.2180104639608091
2020-07-23,-0.0176868370714564,1.186382349172195,1.2077435118911217,-0.01768683707145635,0.2239039820414879
2020-07-24,-0.0018280063346522,1.1842136347225887,1.2077435118911217,-0.019482511755901877,0.1707818170488386
2020-07-27,0.0097517681301495,1.195761811504965,1.2077435118911217,-0.009920732562988754,0.1705087388178076
2020-07-28,-0.0058680421399363,1.1887450308057275,1.2077435118911217,-0.015730559426186286,0.1705507235856345
2020-07-29,0.0147387013886537,1.206265588842019,1.2077435118911217,-0.0012237060555916335,0.1731968400572915
2020-07-30,-0.0009716865023174,1.2050934768511314,1.2077435118911217,-0.0021942034992519233,0.1732024981197915
2020-07-31,0.0183679652004448,1.227228591897216,1.227228591897216,0.0,0.1792697102198177
2020-08-03,0.0179666288954189,1.2492777525776808,1.2492777525776808,0.0,0.1835879997462318
2020-08-04,0.0047086269902868,1.255160135521833,1.255160135521833,0.0,0.1815968362047192
2020-08-05,0.0049879488868217,1.2614208101225919,1.2614208101225919,0.0,0.1815039467762067
2020-08-06,0.0115526010525865,1.2759935015013688,1.2759935015013688,0.0,0.1707411459227542
2020-08-07,-0.0067036902818326,1.2674396362656726,1.2759935015013688,-0.006703690281832597,0.170151575252192
2020-08-10,0.0004384154102777,1.2679953013338081,1.2759935015013688,-0.006268213872680173,0.1485905309090543
2020-08-11,-0.015670047120382,1.2481257552134843,1.2759935015013688,-0.021840037786316713,0.1587546610603082
2020-08-12,0.0175710743263455,1.2700566656269667,1.2759935015013688,-0.004652716387204658,0.1610186601724618
2020-08-13,0.002440050393175,1.2731556678932843,1.2759935015013688,-0.0022240188564796037,0.160798348138529
2020-08-14,0.0008391365532121,1.2742240193521428,1.2759935015013688,-0.001386748558784956,0.1610052263186975
2020-08-17,0.0097273315359841,1.2866188188394951,1.2866188188394951,0.0,0.1564270290166219
2020-08-18,0.0011429723244686,1.2880893885415692,1.2880893885415692,0.0,0.1540820101114137
2020-08-19,-0.0064808965340354,1.2797414144878423,1.2880893885415692,-0.006480896534035496,0.1525787877561717
2020-08-20,0.0072721365244548,1.2890478687699967,1.2890478687699967,0.0,0.153112993186597
2020-08-21,0.0137723954772302,1.3068011458077777,1.3068011458077777,0.0,0.1553881605709191
2020-08-24,0.0082218876922776,1.3175455180647488,1.3175455180647488,0.0,0.1504158495468431
2020-08-25,0.0017872747095101,1.3199003338478141,1.3199003338478141,0.0,0.1483153326646663
2020-08-26,0.006252299632513,1.3281527462200846,1.3281527462200846,0.0,0.1485005219635188
2020-08-27,0.0027052456534126,1.3317457256638645,1.3317457256638645,0.0,0.1451972762829344
2020-08-28,0.01104111747751,1.346449686671091,1.346449686671091,0.0,0.1456399112474576
2020-08-31,0.0018714281775495,1.3489694705543802,1.3489694705543802,0.0,0.1420759922110062
2020-09-01,0.0152578752907708,1.369551878507156,1.369551878507156,0.0,0.1447513732144832
2020-09-02,0.0102799129815084,1.383630752641871,1.383630752641871,0.0,0.1456759723637291
2020-09-03,-0.043098790338649,1.3239979409276519,1.383630752641871,-0.04309879033864894,0.1910004455929639
2020-09-04,-0.0065492419384367,1.3153267580865247,1.383630752641871,-0.04936576787190394,0.1926782971690169
2020-09-08,-0.0368991482882171,1.26679232099243,1.383630752641871,-0.0844433613710539,0.2245012241095039
2020-09-09,0.0285464759366416,1.302954777500363,1.383630752641871,-0.05830744581780023,0.2358591736241374
2020-09-10,-0.0186901610756791,1.2786023428345554,1.383630752641871,-0.07590783133923329,0.2414450058828899
2020-09-11,-0.002569377770288,1.2753171303978381,1.383630752641871,-0.07828217321508746,0.2416634199489106
2020-09-14,0.0197369477770215,1.300487997999641,1.383630752641871,-0.060090276602683956,0.242500116169306
2020-09-15,-6.274252503890595e-05,1.3004064020988637,1.383630752641871,-0.060149248912038655,0.2378004962286083
2020-09-16,-0.0127832521865468,1.283782979115834,1.383630752641871,-0.07216359808091144,0.2410971961882144
2020-09-17,-0.0082887896629754,1.273141972029035,1.383630752641871,-0.07985423885807064,0.2421923014427041
2020-09-18,-0.0127232979407448,1.2569434073980421,1.383630752641871,-0.09156152752599278,0.2427167410516851
2020-09-21,0.001830800369746,1.2592446198530562,1.383630752641871,-0.08989835803469592,0.2420462034981647
2020-09-22,0.007251958209802,1.2683766092121487,1.383630752641871,-0.08329833896049132,0.2429823145283854
2020-09-23,-0.0264313068919753,1.2348517577994593,1.383630752641871,-0.10752796189181013,0.2509324561351258
2020-09-24,0.0074176478487334,1.244011453284205,1.383630752641871,-0.1009079185982823,0.2463557274424332
2020-09-25,0.0196916366642333,1.2685080748284223,1.383630752641871,-0.0832033240036304,0.2531687680423759
2020-09-28,0.0149886025631501,1.2875212382101722,1.383630752641871,-0.06946182299590375,0.2568695156022091
2020-09-29,-0.0018955443134865,1.2850806846485898,1.383630752641871,-0.07122569934580603,0.255436013336031
2020-09-30,0.0093443196958162,1.2970888894008648,1.383630752641871,-0.06254693535523492,0.2568328959619346
2020-10-01,0.0071513070377466,1.3063647703042203,1.383630752641871,-0.05584292065648355,0.2567166802263554
2020-10-02,-0.01629206800355,1.2850813866289819,1.383630752641871,-0.07122519199918143,0.260620547040895
2020-10-05,0.0195805931495762,1.3102440424246573,1.383630752641871,-0.05303923035614155,0.2638062785574873
2020-10-06,-0.0114792170968021,1.295203466611873,1.383630752641871,-0.06390959861303824,0.2647926266488208
2020-10-07,0.0132087460305814,1.312311480260278,1.383630752641871,-0.05154501823945279,0.2676786913417346
2020-10-08,0.004798646690832,1.3186087994023699,1.383630752641871,-0.046993717879824315,0.2674141442706024
2020-10-09,0.0082396923275122,1.3294737302097954,1.383630752641871,-0.03914123932896796,0.2683982691944246
2020-10-12,0.023549181013152,1.3607817477347364,1.383630752641871,-0.016513802445852876,0.2751981601733892
2020-10-13,-0.0073479766845679,1.350782755179596,1.383630752641871,-0.023740436095075146,0.2760945026162828
2020-10-14,-0.0043974090044579,1.3448428109289026,1.383630752641871,-0.02803344869207891,0.272629703315474
2020-10-15,-0.0005521839952713,1.3441002102525519,1.383630752641871,-0.02857015306565025,0.2707215385716577
2020-10-16,-0.0048570447908363,1.3375718553279827,1.383630752641871,-0.033288431343365676,0.2397461022722226
2020-10-19,-0.0168485530730997,1.3150357049344048,1.383630752641871,-0.04957612251425636,0.2441765044038196
2020-10-20,0.0051100402663359,1.3217555903382892,1.383630752641871,-0.04471941823021708,0.2177801584016029
2020-10-21,-0.0035047750961321,1.3171231342620981,1.383630752641871,-0.04806746182302235,0.2024745357879419
2020-10-22,0.0011849084361008,1.318683804575269,1.383630752641871,-0.04693950892793752,0.194181664926929
2020-10-23,0.0051291096158633,1.325447478357599,1.383630752641871,-0.04205115719868058,0.194198834979034
2020-10-26,-0.0157385943596224,1.3045867981507442,1.383630752641871,-0.05712792545280032,0.1922330513725056
2020-10-27,0.0046154219380197,1.31060801667898,1.383630752641871,-0.052776172995189,0.1926602876729832
2020-10-28,-0.0355703788609827,1.2639891929874676,1.383630752641871,-0.08646928338790005,0.2160406835171495
2020-10-29,0.0134096927339186,1.2809388996844233,1.383630752641871,-0.0742191171751353,0.218321072051328
2020-10-30,-0.0169671106136344,1.2592050676841706,1.383630752641871,-0.0899269438180128,0.2208519116929473
2020-11-02,0.0076742170959125,1.2688684807418522,1.383630752641871,-0.0829428456117316,0.2218843741454227
2020-11-03,0.0188208261980056,1.292749633886022,1.383630752641871,-0.06568307229535242,0.2274749773157626
2020-11-04,0.0242882633253306,1.3241482774075704,1.383630752641871,-0.0429901367259482,0.2222787758342852
2020-11-05,0.0265917036657766,1.359359636009941,1.383630752641871,-0.01754161403653931,0.2327224838031934
2020-11-06,0.0012669091953246,1.361081821232555,1.383630752641871,-0.016296928473338412,0.2273478658580822
2020-11-09,0.0001318833369119,1.3612613252449495,1.383630752641871,-0.0161671944297348,0.2242847918741495
2020-11-10,-0.0160187420295495,1.339455631241048,1.383630752641871,-0.03192695834237291,0.2300527090903364
2020-11-11,0.0152766887446011,1.3599180780067208,1.383630752641871,-0.017138007802929844,0.2324441182244741
2020-11-12,-0.0021621979458524,1.3569776659319273,1.383630752641871,-0.01926314998351475,0.2321068449921243
2020-11-13,0.0032849580052344,1.3614352805785546,1.383630752641871,-0.016041470617024767,0.2260160544925069
2020-11-16,0.0107533410738733,1.3760752585006202,1.383630752641871,-0.005460628948022794,0.2214596803744372
2020-11-17,-0.0063910592833659,1.3672806799451696,1.383630752641871,-0.011816789028057495,0.2193030240612735
2020-11-18,-0.0074141820780766,1.3571434120322197,1.383630752641871,-0.019143359280701877,0.2182038634582976
2020-11-19,0.0034283176284873,1.361796130716075,1.383630752641871,-0.01578067116830517,0.2180442122138609
2020-11-20,-0.0084763671829802,1.350253046683764,1.383630752641871,-0.024123275588068926,0.2187132974514991
2020-11-23,-0.0009702915093011,1.3489429076171588,1.383630752641871,-0.025070160487890236,0.2076296570609532
2020-11-24,0.0099660723646492,1.3623865702502518,1.383630752641871,-0.015353939156856788,0.2085181959881603
2020-11-25,0.0021013139573987,1.365249372165691,1.383630752641871,-0.013284888646109438,0.2080776036817382
2020-11-27,0.0014952313020633,1.3672907357620756,1.383630752641871,-0.011809521325394146,0.2080649482738185
2020-11-30,-0.0018677550861498,1.3647369715361106,1.383630752641871,-0.013655219118023365,0.2075567228744447
2020-12-01,0.0111806713606169,1.3799956471085393,1.383630752641871,-0.0026272222747224516,0.2027431464784204
2020-12-02,0.0048485155141929,1.3866865774130637,1.3866865774130637,0.0,0.2027061976854639
2020-12-03,-0.0020023897985753,1.3839098903566305,1.3866865774130637,-0.002002389798575255,0.202418910078302
2020-12-04,0.0023932255642645,1.3872218988848704,1.3872218988848704,0.0,0.2024209829990976
2020-12-07,0.003746555752096,1.3924192030695708,1.3924192030695708,0.0,0.2022611684732335
2020-12-08,0.0006914454019636,1.393381984925139,1.393381984925139,0.0,0.1954253091186884
2020-12-09,-0.0157714113911023,1.3714063844159339,1.393381984925139,-0.015771411391102275,0.2021177199842581
2020-12-10,0.0010364407447583,1.3728277658703643,1.393381984925139,-0.014751316779712087,0.1687180639270263
2020-12-11,0.0008357841412757,1.3739751535457816,1.393381984925139,-0.01392786155506387,0.1657645043493544
2020-12-14,-8.701316185250085e-06,1.3739631981535398,1.393381984925139,-0.013936441680521994,0.1555245244887489
2020-12-15,0.0143773025237059,1.3937170827098317,1.3937170827098317,0.0,0.1584763657199255
2020-12-16,0.0032366449198462,1.3982280500252875,1.3982280500252875,0.0,0.151390003637994
2020-12-17,0.0029216044338272,1.402313119295743,1.402313119295743,0.0,0.1368321028385296
2020-12-18,-0.0057312401643522,1.394276126023437,1.402313119295743,-0.005731240164352225,0.1168600880285828
2020-12-21,0.010279967648347,1.4086092394918206,1.4086092394918206,0.0,0.1200021766018422
2020-12-22,0.0016780592046175,1.410972969191859,1.410972969191859,0.0,0.1199693463076624
2020-12-23,-0.0016957891061317,1.4085802566016572,1.410972969191859,-0.0016957891061317731,0.1087372111629241
2020-12-24,0.0030648549414486,1.41289735076153,1.41289735076153,0.0,0.1009719133009687
2020-12-28,0.0081583667293141,1.424424285499919,1.424424285499919,0.0,0.1023233770256172
2020-12-29,-0.002573735443113,1.420758194230297,1.424424285499919,-0.002573735443113012,0.1029113033646358
2020-12-30,0.0011021168573054,1.4223240357863127,1.424424285499919,-0.001474455143025799,0.0990531659084769
2020-12-31,0.0018894544165983,1.4250114522175632,1.4250114522175632,0.0,0.0964696232936884
2021-01-04,-0.0082596287333356,1.4132413866814946,1.4250114522175632,-0.008259628733335744,0.0971692465369618
2021-01-05,0.0070779106839145,1.4232441829912377,1.4250114522175632,-0.0012401789638780691,0.0984091149406159
2021-01-06,-0.013219360422436,1.404429805167141,1.4250114522175632,-0.014443145013602221,0.103416216871345
2021-01-07,0.0248440278678709,1.439321498385182,1.439321498385182,0.0,0.1235285066356288
2021-01-08,-0.0009859749766148,1.4379023634044705,1.439321498385182,-0.0009859749766147896,0.121603313310212
2021-01-11,-0.0005179552959615,1.4371575942602695,1.439321498385182,-0.0015034195816155949,0.1217889912103844
2021-01-12,-0.0005127329712018,1.4364207161768792,1.439321498385182,-0.0020153817000283514,0.1219630944543025
2021-01-13,0.005313968122106,1.4440538100725757,1.4440538100725757,0.0,0.1219270334020313
2021-01-14,-0.0090584821040053,1.4309728744768127,1.4440538100725757,-0.009058482104005283,0.1226674246588331
2021-01-15,-0.0111830027494395,1.414970300887165,1.4440538100725757,-0.020140183823169955,0.127280801780258
2021-01-19,0.0075122307316301,1.4255998842658337,1.4440538100725757,-0.01277925079939679,0.1285039897787828
2021-01-20,0.0165696070951907,1.4492215142230678,1.4492215142230678,0.0,0.1361594896686917
2021-01-21,0.0097112197157363,1.46329522276446,1.46329522276446,0.0,0.1381005607679379
2021-01-22,-0.0009406670196823,1.4619187492083467,1.46329522276446,-0.0009406670196823175,0.1382842839457058
2021-01-25,0.0060622888048811,1.4707813228753184,1.4707813228753184,0.0,0.1285328415102372
2021-01-26,-0.0016743519421648,1.4683187173108623,1.4707813228753184,-0.00167435194216492,0.1290157466329853
2021-01-27,-0.0160703715952888,1.444722289903359,1.4707813228753184,-0.0177178160795618,0.1395314819496353
2021-01-28,0.0040827017176004,1.4506206600778029,1.4707813228753184,-0.013707450920101616,0.1395968375363708
2021-01-29,-0.0169989535434436,1.425961626867981,1.4707813228753184,-0.030473392142155276,0.1446546460140767
2021-02-01,0.0157969661039776,1.4484874943531871,1.4707813228753184,-0.015157813180920576,0.150935273695413
2021-02-02,0.0100701806311495,1.4630740250632848,1.4707813228753184,-0.005240274466476236,0.1530422789089718
2021-02-03,0.0015651137807245,1.4653639023821312,1.4707813228753184,-0.0036833623115340997,0.1515165791586658
2021-02-04,0.008040116653473,1.4771455990970719,1.4771455990970719,0.0,0.1505507796507555
2021-02-05,-0.0005069645082178,1.4763967387048595,1.4771455990970719,-0.0005069645082178553,0.1506776393741317
2021-02-08,0.01492676695615,1.4984345687583267,1.4984345687583267,0.0,0.1551950619639986
2021-02-09,-0.0023370542047642,1.4949326459488461,1.4984345687583267,-0.002337054204764155,0.1556950114723676
2021-02-10,0.0050307065863789,1.5024532134570137,1.5024532134570137,0.0,0.1548693821354984
2021-02-11,0.0041743281474666,1.508724946196199,1.508724946196199,0.0,0.1544381358970392
2021-02-12,-0.0006992561512037,1.5076699609970967,1.508724946196199,-0.0006992561512036977,0.1546223617747184
2021-02-16,0.0009734618045023,1.509137620117923,1.509137620117923,0.0,0.1546503308676774
2021-02-17,-0.0061313860777253,1.4998845147245603,1.509137620117923,-0.006131386077725343,0.1535473567835494
2021-02-18,-0.0030775325332529,1.4952685713343732,1.509137620117923,-0.009190049070850193,0.1534674817559151
2021-02-19,0.0006721966241929,1.4962736858202859,1.509137620117923,-0.00852402996661894,0.1468784481096157
2021-02-22,-0.0136204174319733,1.4758938136269364,1.509137620117923,-0.02202834655224417,0.13723677398371
2021-02-23,-0.0022639898076907,1.4725524050756513,1.509137620117923,-0.024242464407860265,0.1374370377853547
2021-02-24,0.008118095150898,1.484506725614739,1.509137620117923,-0.0163211718897176,0.1389714589863919
2021-02-25,-0.0314695660914559,1.4377899430997951,1.509137620117923,-0.04727711778370003,0.1680489054929076
2021-02-26,0.0030213750324337,1.4421340457357612,1.509137620117923,-0.04439858465454338,0.1675598219535908
2021-03-01,0.0191612975606497,1.4697672053084476,1.509137620117923,-0.026088021585731203,0.1741212529524516
2021-03-02,-0.0112941711821121,1.4531674028938395,1.509137620117923,-0.03708755018625143,0.1741888539750929
2021-03-03,-0.0163817980286659,1.4293619079977917,1.509137620117923,-0.0528617874583881,0.1800309722735432
2021-03-04,-0.0144176834293661,1.408753820502285,1.509137620117923,-0.06651732637066865,0.177860995271861
2021-03-05,0.0102249204204954,1.4231582162089895,1.509137620117923,-0.056972540318897535,0.1781328976629958
2021-03-08,-0.0202510410983775,1.3943377806830477,1.509137620117923,-0.07606982816179808,0.1867855751392121
2021-03-09,0.0276714993683619,1.4329211977005019,1.509137620117923,-0.050503294995366654,0.2040950024598066
2021-03-10,0.0023446818823414,1.4362809420715732,1.509137620117923,-0.048277027273799455,0.2042757938906747
2021-03-11,0.0122709373250429,1.453905455492887,1.509137620117923,-0.03659849432467277,0.2021949122974844
2021-03-12,-0.0036966490213759,1.448530877313666,1.509137620117923,-0.04015985155781965,0.2021839355568176
2021-03-15,0.0084530271918825,1.46077534820788,1.509137620117923,-0.032046296683177156,0.196944413624679
2021-03-16,0.0025438054653117,1.464491276522244,1.509137620117923,-0.029584010762511048,0.1919021876925269
2021-03-17,0.0013659410678398,1.4664916853003387,1.509137620117923,-0.028258479709923345,0.1897515322028777
2021-03-18,-0.0180694818120187,1.4399929404653276,1.509137620117923,-0.04581734543678828,0.1968758167811332
2021-03-19,-0.0011795790551024,1.4382943549532594,1.509137620117923,-0.04694287931085295,0.1952037796189007
2021-03-22,0.0104376845545919,1.4533068177269117,1.509137620117923,-0.03699516972259209,0.1979122608807634
2021-03-23,-0.0042382746961179,1.4471473042156442,1.509137620117923,-0.04107664872699612,0.1926991585410201
2021-03-24,-0.0082146295892101,1.4352595251504887,1.509137620117923,-0.04895384886214782,0.1937799225698223
2021-03-25,-0.0007462187365078,1.43418850760107,1.509137620117923,-0.04966353731941053,0.1928650523915931
2021-03-26,0.0127365842581813,1.4524551703702464,1.509137620117923,-0.03755949688885729,0.1966055570947583
2021-03-29,-0.0037606274410348,1.4469930275996792,1.509137620117923,-0.041178877055220386,0.1967390668588629
2021-03-30,-0.0048363588049314,1.439994850129973,1.509137620117923,-0.04581608003552862,0.1968777673942805
2021-03-31,0.0104885396144551,1.4550982931601728,1.509137620117923,-0.03580808419150505,0.1993484109411167
2021-04-01,0.0169793262656639,1.47980488182835,1.509137620117923,-0.01943675507027709,0.2058436157199485
2021-04-05,0.0127968028952138,1.4987416532244826,1.509137620117923,-0.0068886804986201255,0.2092938908662288
2021-04-06,-0.0014010153945711,1.4966418930958303,1.509137620117923,-0.00828004474576427,0.2052708560850139
2021-04-07,0.0078981246485728,1.5084625573217771,1.509137620117923,-0.00044731692268928924,0.2061728096585257
2021-04-08,0.0097699243650904,1.5232001224143816,1.5232001224143816,0.0,0.206731195153415
2021-04-09,0.0069070787648521,1.5337209856345302,1.5337209856345302,0.0,0.1830109090418725
2021-04-12,0.0055834754829357,1.5422844791554848,1.5422844791554848,0.0,0.1832589436132786
2021-04-13,0.0100601557160584,1.557800101174249,1.557800101174249,0.0,0.1778016071986436
2021-04-14,-0.0124500786687774,1.5384053673644003,1.557800101174249,-0.012450078668777453,0.1785825579700176
2021-04-15,0.0199379224702883,1.569077974306787,1.569077974306787,0.0,0.1771804844710892
2021-04-16,-0.0001409713217519,1.5688567793108172,1.569077974306787,-0.00014097132175194815,0.1695296567260309
2021-04-19,-0.0077643480561985,1.5566756292259214,1.569077974306787,-0.007904224827542383,0.1714727937570976
2021-04-20,-0.0080319964299096,1.5441724161294514,1.569077974306787,-0.015872734551856005,0.1603400521381565
2021-04-21,0.0080185119084765,1.5565543810369264,1.569077974306787,-0.007981498354403649,0.1438152130538836
2021-04-22,-0.013895609037713,1.534925109912098,1.569077974306787,-0.021766199611448767,0.1517477778644478
2021-04-23,0.0136396478949495,1.5558609479564156,1.569077974306787,-0.00842343501521059,0.1525819109942278
2021-04-26,0.0036757284206557,1.5615798702614072,1.569077974306787,-0.00477866885403988,0.1515541149260035
2021-04-27,-0.0015391232310688,1.5591764064059186,1.569077974306787,-0.00631043712486179,0.1509390493802654
2021-04-28,-0.004897068074041,1.5515410134043102,1.569077974306787,-0.011176602558725435,0.1523340971957023
2021-04-29,0.0026333492667545,1.555626762794298,1.569077974306787,-0.008572685190123774,0.1523346408291334
2021-04-30,-0.0083052055281809,1.5427069628041525,1.569077974306787,-0.016806692805872325,0.1435226151251467
2021-05-03,0.0006658711244516,1.5437342068241742,1.569077974306787,-0.016152012772857716,0.1432288639755664
2021-05-04,-0.0118550220156253,1.5254332038159997,1.569077974306787,-0.027815552321464154,0.1468844763928569
2021-05-05,0.0032251287964329,1.5303529223686616,1.569077974306787,-0.024680132263811827,0.145870699652155
2021-05-06,0.0110218797479848,1.5472202882509862,1.569077974306787,-0.013930273965803042,0.1449246247566683
2021-05-07,0.0078019049089461,1.5592915538131127,1.569077974306787,-0.006237051729693688,0.1453536182437868
2021-05-10,-0.0152506750722368,1.5355113049830258,1.569077974306787,-0.02139260755259209,0.1512935591516443
2021-05-11,-0.0060892680352528,1.5261611650758233,1.569077974306787,-0.02735161026648425,0.1521983698606085
2021-05-12,-0.0212128052228645,1.4937870055423699,1.569077974306787,-0.04798421110823414,0.1652635489182057
2021-05-13,0.0110270753306308,1.5102591073804028,1.569077974306787,-0.03748626128817478,0.1655315785272867
2021-05-14,0.0197276235118337,1.5400529304561215,1.569077974306787,-0.018498152625900377,0.1679683126448758
2021-05-17,-0.0029531312055209,1.5355049520890376,1.569077974306787,-0.021396656359657262,0.1648437224144411
2021-05-18,-0.008454959952212,1.5225223192127015,1.569077974306787,-0.029670708439237137,0.1669390129932199
2021-05-19,-0.0011293987898905,1.5208027843478014,1.569077974306787,-0.030766597166921206,0.1655660664561412
2021-05-20,0.0142260474522087,1.5424377969233842,1.569077974306787,-0.016978236785952228,0.1682570663413178
2021-05-21,0.0027898756770254,1.5467410066163456,1.569077974306787,-0.014235728278774618,0.1673093753174412
2021-05-24,0.015032304359185,1.5699920881926346,1.5699920881926346,0.0,0.1720586423643195
2021-05-25,0.000509296054624,1.570791678968942,1.570791678968942,0.0,0.1697307351248035
2021-05-26,0.0003368317983169,1.5713207715549504,1.5713207715549504,0.0,0.165352395779176
2021-05-27,-0.0031042905096036,1.5664429353962694,1.5713207715549504,-0.003104290509603591,0.1553084594118813
2021-05-28,0.0072227981972806,1.5777570366061924,1.5777570366061924,0.0,0.1567144420255972
2021-06-01,-0.000396877915111,1.5771308596829523,1.5777570366061924,-0.0003968779151111157,0.1548903698641428
2021-06-02,0.0066629723746835,1.5876392390322809,1.5876392390322809,0.0,0.1537229578509847
2021-06-03,-0.0040516299267678,1.581206712378507,1.5876392390322809,-0.004051629926767775,0.1528927459257349
2021-06-04,0.015853962872088,1.606275104889652,1.606275104889652,0.0,0.1527482397331718
2021-06-07,0.0013623569306029,1.6084634249112533,1.6084634249112533,0.0,0.1483941342509733
2021-06-08,-0.0012728085468834,1.606416158916677,1.6084634249112533,-0.001272808546883275,0.1483556613334681
2021-06-09,-0.0012269327723324,1.6044451942852977,1.6084634249112533,-0.0024981796686966984,0.1483122355780662
2021-06-10,0.00115305565608,1.6062952088914386,1.6084634249112533,-0.0013480045528136975,0.1472558562111574
2021-06-11,0.00424042909736,1.613106589834172,1.613106589834172,0.0,0.1474654618822194
2021-06-14,0.0030287034416735,1.6179922113145893,1.6179922113145893,0.0,0.1447155604116765
2021-06-15,-0.0069057649827943,1.606818737359259,1.6179922113145893,-0.006905764982794271,0.1468025536197247
2021-06-16,-0.0016327229378187,1.6041952475498558,1.6179922113145893,-0.008527212719722344,0.1416966649578717
2021-06-17,0.0051029011054623,1.6123812972519556,1.6179922113145893,-0.003467825137473901,0.141974457778622
2021-06-18,-0.0076753013349257,1.6000057849287483,1.6179922113145893,-0.011116509869492641,0.141740487661217
2021-06-21,0.0072224715402179,1.6115617811745802,1.6179922113145893,-0.003974327005433764,0.1415142210642287
2021-06-22,0.0079650470213933,1.624397946539516,1.624397946539516,0.0,0.1339447651439891
2021-06-23,0.0012488862218154,1.6264266347536944,1.6264266347536944,0.0,0.1318071260411208
2021-06-24,0.0043076921579159,1.6334327800136486,1.6334327800136486,0.0,0.1117095869795189
2021-06-25,-0.0011213897934656,1.631601065165829,1.6334327800136486,-0.0011213897934656547,0.1096608374251737
2021-06-28,0.0131932270585155,1.6531271484874777,1.6531271484874777,0.0,0.1021731538585459
2021-06-29,0.0025740944635806,1.657382453927994,1.657382453927994,0.0,0.1009120908362682
2021-06-30,0.0026966551165541,1.661851842802466,1.661851842802466,0.0,0.095348811166035
2021-07-01,0.0052402741169249,1.6705604020004676,1.6705604020004676,0.0,0.09477170508062
2021-07-02,0.0109655295668139,1.6888789814817522,1.6888789814817522,0.0,0.0918885256169152
2021-07-06,0.0025469765421394,1.6931805166300984,1.6931805166300984,0.0,0.0918970605457748
2021-07-07,0.0037009983045608,1.6994469748514618,1.6994469748514618,0.0,0.0846237156760394
2021-07-08,-0.010069262964913,1.6823347963667565,1.6994469748514618,-0.01006926296491295,0.0921751786485106
2021-07-09,0.0092116677298441,1.697831905521242,1.6994469748514618,-0.0009503499397860438,0.0940967900790243
2021-07-12,0.0051030686046615,1.7064960582143003,1.7064960582143003,0.0,0.0927694902604107
2021-07-13,-0.0023043631258272,1.7025636716233818,1.7064960582143003,-0.002304363125827158,0.0929985837512663
2021-07-14,0.0034052667716703,1.7083613551210137,1.7083613551210137,0.0,0.0926010292172165
2021-07-15,-0.007310198046478,1.6958728952801296,1.7083613551210137,-0.007310198046477923,0.0961708145525413
2021-07-16,-0.0147824459480752,1.6708037458708453,1.7083613551210137,-0.021984581387061386,0.1067024773382661
2021-07-19,-0.0064453521388044,1.6600348273738743,1.7083613551210137,-0.028288235157201913,0.1006944330599764
2021-07-20,0.008375938428258,1.6739391768767218,1.7083613551210137,-0.020149237244864726,0.1028709025726626
2021-07-21,0.009915405964899,1.6905369633760032,1.7083613551210137,-0.0104336191471317,0.105468851889741
2021-07-22,0.0050586126598607,1.6990887350608994,1.7083613551210137,-0.005427786125176914,0.1055138602761227
2021-07-23,0.0041604342196915,1.7061576819765392,1.7083613551210137,-0.001289933852617775,0.1056804018178491
2021-07-26,-0.0009485840902143,1.7045392479440193,1.7083613551210137,-0.002237294332102069,0.1058089690670679
2021-07-27,-0.004081965631417,1.6975813773165105,1.7083613551210137,-0.006310127404947963,0.1071258423978105
2021-07-28,0.0009837271722645,1.699251334244507,1.7083613551210137,-0.005332607676472145,0.1040637155070882
2021-07-29,0.00472336649996,1.7072775210716897,1.7083613551210137,-0.0006344290369687533,0.1038259194004032
2021-07-30,-0.0043351533647732,1.6998762111816141,1.7083613551210137,-0.004966832054567605,0.1050490863421245
2021-08-02,0.0012797375088054,1.7020516065293891,1.7083613551210137,-0.0036934507870424182,0.1011767167650535
2021-08-03,0.0069176748972764,1.7138258462017464,1.7138258462017464,0.0,0.1010459405534143
2021-08-04,0.0003653284228483,1.7144519554951758,1.7144519554951758,0.0,0.099584926656445
2021-08-05,0.0066297388577714,1.7258183242443044,1.7258183242443044,0.0,0.1005337502594174
2021-08-06,-0.0022940899782622,1.7218591417223543,1.7258183242443044,-0.0022940899782621926,0.1010356335576548
2021-08-09,-0.0036167281259983,1.7156316453354796,1.7258183242443044,-0.005902521004512606,0.1019130207319867
2021-08-10,-0.0024816999621588,1.7113739623461721,1.7258183242443044,-0.008369572680517856,0.0965293657538234
2021-08-11,0.0023552649469199,1.7154047014507574,1.7258183242443044,-0.006034020294753084,0.0965038419414127
2021-08-12,0.0072260974499741,1.7278003829895843,1.7278003829895843,0.0,0.0980094527822461
2021-08-13,0.0056156341854644,1.7375030778859588,1.7375030778859588,0.0,0.098145978183096
2021-08-16,0.0013877884607047,1.7399143646078878,1.7399143646078878,0.0,0.0938037883129515
2021-08-17,-0.0087093025927838,1.7247609239209867,1.7399143646078878,-0.008709302592783796,0.0977892798282956
2021-08-18,-0.0111066557979882,1.7056045980051762,1.7399143646078878,-0.01971922716463337,0.10303127220034
2021-08-19,0.0089358641244315,1.720845648942956,1.7399143646078878,-0.010959571374783872,0.1013759456341894
2021-08-20,0.015212451582475,1.7470239300584134,1.7470239300584134,0.0,0.1070489255060092
2021-08-23,0.0147409477028306,1.772776718446998,1.772776718446998,0.0,0.1137157525831595
2021-08-24,-0.0017958890280698,1.7695930081891214,1.772776718446998,-0.0017958890280698192,0.1135853430490116
2021-08-25,0.0033124215925608,1.7754546462794918,1.7754546462794918,0.0,0.1135707974890921
2021-08-26,-0.0032749530114239,1.7696401157390123,1.7754546462794918,-0.0032749530114238867,0.1114925987413432
2021-08-27,0.0104313162964347,1.7880997915171453,1.7880997915171453,0.0,0.1032488152270125
2021-08-30,0.0050898751093296,1.7972009961389859,1.7972009961389859,0.0,0.1001394394925054
2021-08-31,-0.0053200763690382,1.787639749589015,1.7972009961389859,-0.005320076369038085,0.1012185744222407
2021-09-01,0.0010861724003175,1.7895814345467291,1.7972009961389859,-0.004239682488840213,0.0985801855071499
2021-09-02,0.0019641980445136,1.7930965269009635,1.7972009961389859,-0.002283812020380638,0.0981305313440405
2021-09-03,0.0028281259477906,1.7981676297155855,1.7981676297155855,0.0,0.0979295984077023
2021-09-07,-0.0031237113164787,1.7925506731417173,1.7981676297155855,-0.0031237113164787056,0.0986546635105417
2021-09-08,-0.0041179233535622,1.7851690868623433,1.7981676297155855,-0.007228771466260997,0.0986730238029836
2021-09-09,-0.0021231732734376,1.7813788635685501,1.7981676297155855,-0.009336596805321729,0.099277199377998
2021-09-10,-0.0083952788961623,1.7664236911891635,1.7981676297155855,-0.017653492367362245,0.1028979453465155
2021-09-13,0.0028941610155312,1.7715360057731142,1.7981676297155855,-0.014810423401228512,0.1016713737272366
2021-09-14,-0.001251737626145,1.7693185074986173,1.7981676297155855,-0.016043622263143154,0.1019610826478309
2021-09-15,0.0058803229910853,1.7797226717968142,1.7981676297155855,-0.01025764095291204,0.1015088815927335
2021-09-16,-0.0038152952773153,1.7729325042921769,1.7981676297155855,-0.014033800301143318,0.1025533386566346
2021-09-17,-0.0106640025929548,1.7540259474692714,1.7981676297155855,-0.024548146411297544,0.1066727869715585
2021-09-20,-0.0172511446403534,1.7237669921465462,1.7981676297155855,-0.041375807427257105,0.1183249167095593
2021-09-21,0.0021254850014326,1.727430833034318,1.7981676297155855,-0.039338266083933426,0.1179426191418038
2021-09-22,0.0144079282003857,1.752319532447809,1.7981676297155855,-0.025497120796812656,0.1245121924356272
2021-09-23,0.009284708560719,1.7685893086118423,1.7981676297155855,-0.016449145571829527,0.1268532299186044
2021-09-24,-0.0017340347775385,1.7655225132435266,1.7981676297155855,-0.01815465695888563,0.1257149418323131
2021-09-27,-0.0041448557657872,1.758204677074882,1.7981676297155855,-0.022224264290100937,0.1256153288013963
2021-09-28,-0.0230239579797117,1.7177238464701774,1.7981676297155855,-0.04473653174266734,0.142746740426874
2021-09-29,-0.0001501562930317,1.7174659194249393,1.7981676297155855,-0.04487997056392945,0.1405499405828998
2021-09-30,-0.003743973715495,1.711035772165354,1.7981676297155855,-0.0484559148492808,0.1371191834096759
2021-10-01,0.0118235703924932,1.7312663240616248,1.7981676297155855,-0.03720526637694088,0.1389713721646351
2021-10-04,-0.0166302316913505,1.7024749639730474,1.7981676297155855,-0.05321676586830437,0.1397983179158124
2021-10-05,0.0136822469540849,1.7257686468632736,1.7981676297155855,-0.04026264384692724,0.1388042341346571
2021-10-06,0.0070147961868306,1.7378745621866418,1.7981676297155855,-0.03353028190062579,0.1406240713475277
2021-10-07,0.0060763050816894,1.7484344182201954,1.7981676297155855,-0.027657717041239538,0.1415115886690494
2021-10-08,-0.0030522859783376,1.743097696361419,1.7981676297155855,-0.030625583757659336,0.141474737361604
2021-10-11,-0.0064343605940287,1.731881977232409,1.7981676297155855,-0.0368628883023886,0.138602321358288
2021-10-12,-0.0017106108339073,1.7289194011591065,1.7981676297155855,-0.038510441080196745,0.1373903291559615
2021-10-13,0.0025819590427598,1.7333834002411321,1.7981676297155855,-0.03602791441902453,0.137266926402431
2021-10-14,0.0183565952856893,1.7652024177942904,1.7981676297155855,-0.018332668977312894,0.1482261206572362
2021-10-15,0.0048828627017371,1.7738216588411542,1.7981676297155855,-0.013539322181148394,0.1488731549153353
2021-10-18,0.0065186456458258,1.7853845736740304,1.7981676297155855,-0.0071089345789063785,0.1499312700369422
2021-10-19,0.0054840393986904,1.7951756930178728,1.7981676297155855,-0.0016638808575293318,0.150544279921324
2021-10-20,0.0018535161444667,1.7985030801470354,1.7985030801470354,0.0,0.150087200483319
2021-10-21,0.004989006849821,1.8074758243333133,1.8074758243333133,0.0,0.1505078498041004
2021-10-22,0.0021832395838505,1.8114219770998508,1.8114219770998508,0.0,0.148162096739485
2021-10-25,0.0032318156976261,1.817276159080467,1.817276159080467,0.0,0.1482051878523166
2021-10-26,0.0123634216282248,1.8397439104500999,1.8397439104500999,0.0,0.1517055357398253
2021-10-27,0.0023023698174744,1.8439796813014027,1.8439796813014027,0.0,0.1511296161619149
2021-10-28,0.0111311204844093,1.8645052413047714,1.8645052413047714,0.0,0.1529932155068493
2021-10-29,0.0038504517195035,1.8716844287171766,1.8716844287171766,0.0,0.1484970443763565
2021-11-01,-0.0002667637831231,1.8711851310981593,1.8716844287171766,-0.0002667637831230696,0.1368588496105749
2021-11-02,0.0077428737571452,1.8856734813444995,1.8856734813444995,0.0,0.1375935613787776
2021-11-03,0.0023897962613656,1.8901798567803731,1.8901798567803731,0.0,0.1332465485120983
2021-11-04,0.0197916846043388,1.9275897003512448,1.9275897003512448,0.0,0.1411014356989685
2021-11-05,0.0034032111481921,1.9341496951086203,1.9341496951086203,0.0,0.1404154494834527
2021-11-08,0.0061299240145598,1.9460058857724203,1.9460058857724203,0.0,0.1389697449577189
2021-11-09,-0.0008119802571483,1.9444257674128786,1.9460058857724203,-0.0008119802571483481,0.1150937957961019
2021-11-10,-0.013530017051385,1.91811765362463,1.9460058857724203,-0.014331011201808685,0.1255150474632943
2021-11-11,0.0058965078527316,1.9294278494316908,1.9460058857724203,-0.00851900626916613,0.1236290615313787
2021-11-12,0.0046746993101722,1.9384473444684562,1.9460058857724203,-0.00388413075172378,0.1214354537728803
2021-11-15,-0.0036928691013491,1.9312889121654764,1.9460058857724203,-0.007562656266634216,0.1075092017104444
2021-11-16,0.0021578605281561,1.9354563642775036,1.9460058857724203,-0.005421114895924006,0.1038343672973548
2021-11-17,-0.0016899985919678,1.9321854457470593,1.9460058857724203,-0.007101951811350871,0.104591258402971
2021-11-18,0.0170455590389064,1.9651206268366566,1.9651206268366566,0.0,0.1114887516939627
2021-11-19,0.0075328044799248,1.9799234962980843,1.9799234962980843,0.0,0.1099419094133465
2021-11-22,-0.0064549047255321,1.9671432787656378,1.9799234962980843,-0.006454904725532118,0.1099593196098114
2021-11-23,-3.0550142514018446e-05,1.967083182258126,1.9799234962980843,-0.006485257669786804,0.1092698847063746
2021-11-24,0.0058468183792987,1.9785843603617623,1.9799234962980843,-0.0006763574142262252,0.1092247188800594
2021-11-26,-0.0203952922687514,1.9382305540538036,1.9799234962980843,-0.02105785517583636,0.1231814289675751
2021-11-29,0.0162246441548667,1.969677655083417,1.9799234962980843,-0.005174867227862201,0.1288238307597813
2021-11-30,-0.0063771320421023,1.9571167605965716,1.9799234962980843,-0.011518998458352137,0.1316149008301624
2021-12-01,-0.0084849819789679,1.9405106601521738,1.9799234962980843,-0.01990624194298507,0.1355825605379211
2021-12-02,0.0078981916572734,1.9558371852590377,1.9799234962980843,-0.01216527359975339,0.1364096963573337
2021-12-03,-0.0138224673065601,1.9288026897088402,1.9799234962980843,-0.02581958680970553,0.1444850594604945
2021-12-06,0.0040174439667315,1.9365515464376266,1.9799234962980843,-0.021905871586226144,0.1445800928317714
2021-12-07,0.0272078227928446,1.9892408977423106,1.9892408977423106,0.0,0.1616578717632283
2021-12-08,-0.0022013348986776,1.9848619123322337,1.9892408977423106,-0.002201334898677576,0.1598823203150578
2021-12-09,-0.0092151675298974,1.9665710772863798,1.9892408977423106,-0.011396216758694178,0.1635016511538899
2021-12-10,0.0084816240334256,1.9832507937989317,1.9892408977423106,-0.003011251151219252,0.1624206304432423
2021-12-13,-0.0164194216867554,1.9506869627049548,1.9892408977423106,-0.019381229835517932,0.1709352131254549
2021-12-14,-0.0065530531404646,1.9379040073779377,1.9892408977423106,-0.025807276746942942,0.1724433483999786
2021-12-15,0.0198620397533389,1.976394733810633,1.9892408977423106,-0.006457822150277237,0.1798420910404737
2021-12-16,-0.0186330083642156,1.9395685542045478,1.9892408977423106,-0.0249705018603521,0.1891502080549465
2021-12-17,-0.0092022030179007,1.9217202506016215,1.9892408977423106,-0.033942921250674885,0.1825766791350485
2021-12-20,-0.0094601640810288,1.9035404617130944,1.9892408977423106,-0.04308197972728289,0.184268531819397
2021-12-21,0.0188854571476623,1.9394896935316182,1.9892408977423106,-0.025010145461596744,0.1917913966346409
2021-12-22,0.0106717580828279,1.9601874583451258,1.9892408977423106,-0.014605289600751248,0.1942624910905271
2021-12-23,0.0035799535526957,1.967204838400578,1.9892408977423106,-0.01107762230644982,0.1899269343120279
2021-12-27,0.0176964170277295,2.0020173155998817,2.0020173155998817,0.0,0.1956121079089068
2021-12-28,-0.0049461328669249,1.9921150719550405,2.0020173155998817,-0.004946132866924913,0.1961585633629267
2021-12-29,-0.0021469138129674,1.9878381725900396,2.0020173155998817,-0.007082427758919541,0.1958892357301661
2021-12-30,-0.0032876122322154,1.9813029314981678,2.0020173155998817,-0.010346755715000877,0.1962536481229713
2021-12-31,-0.002491469954971,1.9763665747726442,2.0020173155998817,-0.012812447038976549,0.196357659220932
2022-01-03,0.0068394346693818,1.9898838048435517,2.0020173155998817,-0.006060642264072769,0.1911927126875152
2022-01-04,-0.0026738378076518,1.9845631782933268,2.0020173155998817,-0.00871827489730026,0.1902103747158793
2022-01-05,-0.0258088949096002,1.9333437957832922,2.0020173155998817,-0.03430216076628301,0.2038310815102633
2022-01-06,-0.0001299109612287,1.9330926332323963,2.0020173155998817,-0.034427615500834396,0.2038293051294376
2022-01-07,-0.0042993637067753,1.9247815649232423,2.0020173155998817,-0.038578962367014635,0.2032037064029402
2022-01-10,0.0014142288199599,1.9275036464844841,2.0020173155998817,-0.037219293027478395,0.1946147820263294
2022-01-11,0.0089860284898807,1.9448242491661425,2.0020173155998817,-0.02856771816511583,0.190420085588284
2022-01-12,0.0042063424014767,1.95300484586883,2.0020173155998817,-0.024481541367870507,0.1899810301074531
2022-01-13,-0.01922577249611,1.9154568190183556,2.0020173155998817,-0.04323663731928773,0.1965846974193862
2022-01-14,-0.0054410742253757,1.9050346762905748,2.0020173155998817,-0.04844245779175349,0.1955146130597966
2022-01-18,-0.0236732918347962,1.8599362344433417,2.0020173155998817,-0.07096895718605067,0.2031499921030886
2022-01-19,-0.0097744601150772,1.8417563619031883,2.0020173155998817,-0.08004973405970417,0.2040427616333204
2022-01-20,-0.0110207776677456,1.8214587745204973,2.0020173155998817,-0.09018830140601564,0.1864815918938751
2022-01-21,-0.0151874264675647,1.793795503318767,2.0020173155998817,-0.10400599967774182,0.1898471383869735
2022-01-24,-0.0001274814947665,1.7935668275866985,2.0020173155998817,-0.10412022233220464,0.1892121961344061
2022-01-25,-0.0130703521328042,1.7701242775764239,2.0020173155998817,-0.11582968649498104,0.1881593018176379
2022-01-26,0.0052947309025195,1.7794966092902078,2.0020173155998817,-0.11114824261297562,0.1859299976851738
2022-01-27,-0.007400954066809,1.7663266366228088,2.0020173155998817,-0.11772659364159943,0.1860873444320249
2022-01-28,0.0268492601033396,1.8137511999169516,2.0020173155998817,-0.09403820547202324,0.1944661712445635
2022-01-31,0.0217660695735867,1.85322943472352,2.0020173155998817,-0.07431897802131593,0.2009981046754432
2022-02-01,0.0033911150180223,1.859513948891452,2.0020173155998817,-0.07117988720578583,0.2000834577842144
2022-02-02,0.0084605427077456,1.8752464460716967,2.0020173155998817,-0.06332156497367736,0.2002553989162285
2022-02-03,-0.022904699646392,1.8322944894614606,2.0020173155998817,-0.08477590319320771,0.2018646176480258
2022-02-04,0.0079213718514219,1.846808775453796,2.0020173155998817,-0.07752607279501933,0.2005392598077266
2022-02-07,0.0001056602878352,1.8470039098005868,2.0020173155998817,-0.07742860393435058,0.1999652273805898
2022-02-08,0.0109793114529085,1.867282740981027,2.0020173155998817,-0.06729940523940126,0.1950977180438523
2022-02-09,0.018140505208933,1.901156193270344,2.0020173155998817,-0.05037974524177169,0.203610176796099
2022-02-10,-0.0189288976626744,1.86516940224717,2.0020173155998817,-0.06835500986249299,0.2098052133159269
2022-02-11,-0.0200729957583466,1.8277298647472646,2.0020173155998817,-0.08705591579780814,0.2162173090769903
2022-02-14,-0.0005715829206047,1.826685165573096,2.0020173155998817,-0.08757773904380517,0.2162969518333508
2022-02-15,0.0233597384497059,1.8693560532708413,2.0020173155998817,-0.06626379367217905,0.2275247734189365
2022-02-16,0.0018239018611311,1.8727655752555186,2.0020173155998817,-0.0645607504676523,0.2277790861777361
2022-02-17,-0.0245379629265078,1.8268117229998586,2.0020173155998817,-0.08751452409267735,0.2266434760062321
2022-02-18,-0.0077546543691077,1.8126454294905605,2.0020173155998817,-0.09459053357516944,0.2272350568407471
2022-02-22,-0.0063233492920217,1.801183439297305,2.0020173155998817,-0.10031575388367664,0.2274852676990163
2022-02-23,-0.0218118713518301,1.7618962578383053,2.0020173155998817,-0.11993955091723418,0.2342181592953469
2022-02-24,0.0175394140232822,1.792798885770603,2.0020173155998817,-0.1045038063352558,0.2392432034912952
2022-02-25,0.0136150372033981,1.8172079092985804,2.0020173155998817,-0.0923115923430089,0.2430921673386881
2022-02-28,-0.0011299456662679,1.8151545630967607,2.0020173155998817,-0.09333723092556256,0.2377331007569454
2022-03-01,-0.0149902887926925,1.7879448719925668,2.0020173155998817,-0.10692836767157055,0.2406381402422625
2022-03-02,0.0128580158272033,1.8109342954548142,2.0020173155998817,-0.09544523848826536,0.2352815634491202
2022-03-03,-0.0060126042228999,1.8000458642625683,2.0020173155998817,-0.10088396826717505,0.2342828797913849
2022-03-04,-0.0132791588104617,1.7761427693649108,2.0020173155998817,-0.11282347284158734,0.2352403842814484
2022-03-07,-0.0305483676235318,1.7218845070944737,2.0020173155998817,-0.13992526754019075,0.2473434770901136
2022-03-08,-0.0031018858326357,1.7165434179364825,2.0020173155998817,-0.14259312116781575,0.2473768887145593
2022-03-09,0.0300071563668323,1.7680520046889592,2.0020173155998817,-0.11686477888470082,0.2607763778620621
2022-03-10,-0.0117149666451565,1.747339334427126,2.0020173155998817,-0.12721067854322943,0.2624814347604778
2022-03-11,-0.0164693883084753,1.7185617244217728,2.0020173155998817,-0.14158498478979176,0.2658547582651891
2022-03-14,-0.0149691220359376,1.6928363642426119,2.0020173155998817,-0.15443470390995462,0.2555186812860783
2022-03-15,0.0268320645239975,1.738258658796539,2.0020173155998817,-0.13174644132601343,0.2600249029265558
2022-03-16,0.0308231975765437,1.7918373488757624,2.0020173155998817,-0.10498409034046807,0.2765966842781119
2022-03-17,0.0071867321133139,1.8047148038927632,2.0020173155998817,-0.09855185076059103,0.2762389521834917
2022-03-18,0.0184819728460213,1.838069493893122,2.0020173155998817,-0.08189131054425203,0.2739246925872972
2022-03-21,0.0001479770949997,1.8383414860772358,2.0020173155998817,-0.08175545148749241,0.2729574066445029
2022-03-22,0.0079229540299061,1.852906581162695,2.0020173155998817,-0.07448024214141591,0.2739249132775732
2022-03-23,-0.0080578229824397,1.8379761879286884,2.0020173155998817,-0.0819379165169909,0.2730005793283576
2022-03-24,0.0243674380812472,1.8827629588828476,2.0020173155998817,-0.05956709554297779,0.2772360012600868
2022-03-25,-0.0015963127029501,1.8797574804549388,2.0020173155998817,-0.061068320534634846,0.2715413500793988
2022-03-28,0.0064250676819879,1.8918350494925849,2.0020173155998817,-0.05503562094530734,0.2649607522853512
2022-03-29,0.011071196544928,1.9127799271561008,2.0020173155998817,-0.044573734576837,0.2663970383770344
2022-03-30,-0.0071221880122257,1.8991567488888836,2.0020173155998817,-0.05137846007099944,0.2593898852723729
2022-03-31,-0.0148079854585016,1.8710340633679219,2.0020173155998817,-0.06542563403988955,0.2631903427506014
2022-04-01,-0.0036736166881016,1.8641606014087269,2.0020173155998817,-0.06885890202695255,0.2529650621981845
2022-04-04,0.0120515575401418,1.8866266401606695,2.0020173155998817,-0.057637201506739566,0.2536588959917653
2022-04-05,-0.0197811514641764,1.8493069928353012,2.0020173155998817,-0.07627822275793983,0.2601614692615101
2022-04-06,-0.0217303608291204,1.8091208845971745,2.0020173155998817,-0.0963510302831262,0.2600994391628486
2022-04-07,0.0001609857978594,1.8094121273662056,2.0020173155998817,-0.09620555563275146,0.2553365457295396
2022-04-08,-0.0089691679316022,1.7931832061383806,2.0020173155998817,-0.10431183977993042,0.2535880657397342
2022-04-11,-0.0225965071735638,1.7526635289573607,2.0020173155998817,-0.12455126371761926,0.2616862322013603
2022-04-12,-0.0045388664073718,1.7447084233423504,2.0020173155998817,-0.12852480857810744,0.2585780855234664
2022-04-13,0.0084219759508164,1.7594023157249266,2.0020173155998817,-0.12118526547421915,0.2568727477498884
2022-04-14,-0.0211608675482036,1.7221718363578689,2.0020173155998817,-0.13978174767092877,0.2631996887270979
2022-04-18,0.0065528233464973,1.733456924173835,2.0020173155998817,-0.13414488942398373,0.261654420390714
2022-04-19,0.0116052802275031,1.7535741775411777,2.0020173155998817,-0.12409639822933338,0.2480066279810789
2022-04-20,-0.0015533039202589,1.7508503438967382,2.0020173155998817,-0.12545694272773267,0.2478395070215014
2022-04-21,-0.0179532343536438,1.7194169173546021,2.0020173155998817,-0.14115781918729386,0.2374497937812722
2022-04-22,-0.0241573100370205,1.677880429799169,2.0020173155998817,-0.16190513602205725,0.2450274077092205
2022-04-25,0.0079625132491292,1.6912405749518995,2.0020173155998817,-0.1552317945636057,0.2420421077616633
2022-04-26,-0.0286761058410119,1.642742381221965,2.0020173155998817,-0.1794564570338214,0.25224594737156
2022-04-27,0.0005915689798431,1.6437141766565695,2.0020173155998817,-0.17897104892719207,0.238274393670528
2022-04-28,0.029415714938056,1.6920652043167406,2.0020173155998817,-0.15481989534654328,0.2366315042824373
2022-04-29,-0.0346670492193452,1.6334062965963507,2.0020173155998817,-0.184119795633776,0.2533219285668902
2022-05-02,0.0110119807673529,1.651393335319743,2.0020173155998817,-0.1751353385148311,0.2486493398013461
2022-05-03,0.0056237403518061,1.6606803426562842,2.0020173155998817,-0.17049651383325815,0.2498404105809278
2022-05-04,0.0287038787294949,1.7083483098203462,2.0020173155998817,-0.14668654636063472,0.2647399589314125
2022-05-05,-0.0398645901607998,1.6402457045974632,2.0020173155998817,-0.18070353746866463,0.2856908721250757
2022-05-06,-0.0047969680145141,1.632377498416565,2.0020173155998817,-0.18463367639383188,0.2730816438634508
2022-05-09,-0.0336024124893075,1.5775256763765078,2.0020173155998817,-0.2120319519295366,0.2854939646837773
2022-05-10,0.0077828367005266,1.589803301106634,2.0020173155998817,-0.2058993252861714,0.2860203861904973
2022-05-11,-0.022363999238242,1.5542489412917306,2.0020173155998817,-0.22365859217055895,0.2854773917576841
2022-05-12,-0.013187436473923,1.533752382113784,2.0020173155998817,-0.23389654516838554,0.2860889432208518
2022-05-13,0.0262015903355079,1.5739391337060387,2.0020173155998817,-0.21382341629027035,0.3006095986544612
2022-05-16,-0.006133616336852,1.5642851949223284,2.0020173155998817,-0.21864552182776298,0.3005590868625776
2022-05-17,0.0220475907538557,1.5987739147222915,2.0020173155998817,-0.20141853805932886,0.3070034772425214
2022-05-18,-0.033960114464082,1.544479369576134,2.0020173155998817,-0.22853845591572797,0.315440972650604
2022-05-19,-0.0043429393590478,1.5377717893327645,2.0020173155998817,-0.23188886661952335,0.3118123455877111
2022-05-20,-0.0037859055365585,1.531949930601566,2.0020173155998817,-0.2347968628120808,0.3114306507266825
2022-05-23,0.0244980601267618,1.5694797321126317,2.0020173155998817,-0.21605087034806447,0.322940115148947
2022-05-24,-0.0067621042044082,1.5588667466173796,2.0020173155998817,-0.2213520160537259,0.31834311222461
2022-05-25,0.0120740321681098,1.5776885538618346,2.0020173155998817,-0.2119505952479246,0.3215886836011283
2022-05-26,0.0191044719778879,1.6078294606289225,2.0020173155998817,-0.19689532747764737,0.3263833379374983
2022-05-27,0.0256476552128715,1.6490665162762304,2.0020173155998817,-0.17629757573694793,0.3316452838171631
2022-05-31,-0.005793174811499,1.6395131856716525,2.0020173155998817,-0.18106942787335933,0.3310565450055748
2022-06-01,-0.0063822299209227,1.6290494355623115,2.0020173155998817,-0.18629603107394432,0.3288986143831583
2022-06-02,0.0216303077441939,1.6642862761840298,2.0020173155998817,-0.16869536381340167,0.3361062020369
2022-06-03,-0.0215539592837188,1.628414317550707,2.0020173155998817,-0.18661327009413442,0.3377983234025811
2022-06-06,-0.0015638422791136,1.6258677343930075,2.0020173155998817,-0.18788527865163107,0.3309604225467114
2022-06-07,0.0098921350015133,1.6419510375162276,2.0020173155998817,-0.1798517301913367,0.331453176670452
2022-06-08,-0.0096192441682474,1.626156709574052,2.0020173155998817,-0.1877409366527919,0.3219792601807197
2022-06-09,-0.0212312622305169,1.5916313500451709,2.0020173155998817,-0.20498622182583037,0.3277104640773315
2022-06-10,-0.033377971630502,1.5385059239971455,2.0020173155998817,-0.23152216915958612,0.3278247863478316
2022-06-13,-0.0416710068362196,1.474394833120696,2.0020173155998817,-0.26354541410202026,0.3342765067955828
2022-06-14,-0.000966674475729,1.4729695732683716,2.0020173155998817,-0.2642573259527413,0.3316458766595739
2022-06-15,0.0218195918616409,1.5051091681817028,2.0020173155998817,-0.2482037210898378,0.3388012248302411
2022-06-16,-0.025672089198044,1.4664698713633484,2.0020173155998817,-0.267503902220777,0.3310788136118781
2022-06-17,0.0054557562269406,1.4744705734956598,2.0020173155998817,-0.2635075820741084,0.315117177399426
2022-06-21,0.0217641809530689,1.5065612178671945,2.0020173155998817,-0.247478427819806,0.3233555112204654
2022-06-22,-0.0008556917332237,1.50527206588747,2.0020173155998817,-0.24812235430819318,0.3095927268462232
2022-06-23,0.0059219129594497,1.5141861560419467,2.0020173155998817,-0.24366980033425034,0.3091609740090986
2022-06-24,0.0264812318113538,1.5542836706456364,2.0020173155998817,-0.22364124499097404,0.3128233243895608
2022-06-27,-0.0067558099210408,1.543783225603377,2.0020173155998817,-0.22888617717035087,0.3109834233887074
2022-06-28,-0.0216252332856379,1.5103985532072495,2.0020173155998817,-0.24556169347882206,0.3073788449434913
2022-06-29,0.0006825041853424,1.5114294065413485,2.0020173155998817,-0.24504678617703868,0.307061001875128
2022-06-30,-0.0132314871571285,1.4914309477597902,2.0020173155998817,-0.2550359399299701,0.3010525165102221
2022-07-01,0.0027144948903488,1.4954794294467924,2.0020173155998817,-0.25301373879541644,0.2857427338390311
2022-07-05,0.0077559988673752,1.5070783662077647,2.0020173155998817,-0.2472201141995688,0.2866323807784972
2022-07-06,0.0014623103515962,1.5092821825033371,2.0020173155998817,-0.24611931638008944,0.2865152929994649
2022-07-07,0.0180162273973497,1.5364737535100854,2.0020173155998817,-0.2325372305535237,0.2822163902156931
2022-07-08,-0.0015951696198916,1.5340228172567254,2.0020173155998817,-0.23376146384774255,0.2816255145168727
2022-07-11,-0.0135399343137711,1.5132522490752434,2.0020173155998817,-0.24413628329592418,0.2815651668753754
2022-07-12,-0.0072161370008756,1.5023324135290332,2.0020173155998817,-0.24959069942965184,0.2753066163756534
2022-07-13,-0.0009590929646557,1.5008915370806433,2.0020173155998817,-0.2503104117104411,0.2624943381185636
2022-07-14,-0.0020099832845023,1.4978747701792603,2.0020173155998817,-0.25181727525146846,0.2623735561483183
2022-07-15,0.0181396427322395,1.5250456833679475,2.0020173155998817,-0.23824550792609656,0.2690650860009649
2022-07-18,-0.0054530246955423,1.516729571594712,2.0020173155998817,-0.2423993739833158,0.2596307663693014
2022-07-19,0.0242441406411182,1.5535013766429973,2.0020173155998817,-0.22403199785636807,0.265003702026394
2022-07-20,0.0113752736834312,1.5711728799698985,2.0020173155998817,-0.21520514946239888,0.2675890500454156
2022-07-21,0.0119776958423046,1.5899919108418556,2.0020173155998817,-0.20580511544405267,0.2683939154453054
2022-07-22,-0.0104821522511058,1.5733253735543846,2.0020173155998817,-0.2141299871410175,0.2686481426645765
2022-07-25,-0.0049543091910201,1.565530633195719,2.0020173155998817,-0.21802343016867187,0.2620367029097776
2022-07-26,-0.0144178023150414,1.5429591220081615,2.0020173155998817,-0.22929781376749414,0.2466217784258398
2022-07-27,0.0346244749315878,1.596383271448598,2.0020173155998817,-0.20261265524056682,0.2327689621305455
2022-07-28,0.0104159296993965,1.613011087377299,2.0020173155998817,-0.19430712471436418,0.2335233627732945
2022-07-29,0.0124053588393436,1.6330210687280542,2.0020173155998817,-0.18431221548214327,0.2285186577366543
2022-08-01,0.0008017673290839,1.634330371668666,2.0020173155998817,-0.1836582236657841,0.2121269591104652
2022-08-02,-0.0087898690629055,1.6199648216961686,2.0020173155998817,-0.19083376099034155,0.2151023401764431
2022-08-03,0.0194085886860311,1.6514060526063092,2.0020173155998817,-0.17512898627878037,0.2134405314505383
2022-08-04,0.0027290953503486,1.6559128971860149,2.0020173155998817,-0.17287783463059636,0.2131083299632415
2022-08-05,-0.0016679209159277,1.653150965429844,2.0020173155998817,-0.17425740899024333,0.2134229623652269
2022-08-08,-0.0108543494667152,1.635207087129831,2.0020173155998817,-0.1832203076426141,0.2050217706082236
2022-08-09,-0.0043810687738985,1.628043132421549,2.0020173155998817,-0.1867986756479555,0.2042774737598444
2022-08-10,0.0236596770601235,1.6665621071745946,2.0020173155998817,-0.16755859492892133,0.2011911461770241
2022-08-11,-0.0034371647449489,1.6608338586545464,2.0020173155998817,-0.17041983317866738,0.2020205071753994
2022-08-12,0.0199860296871874,1.6940273334591023,2.0020173155998817,-0.15383981933667434,0.2014466524257497
2022-08-15,0.0041974990018238,1.7011380115003591,2.0020173155998817,-0.15028806282295692,0.2013890267256187
2022-08-16,0.000332727388688,1.7017040267087236,2.0020173155998817,-0.15000534038896296,0.2014573380951598
2022-08-17,-0.0077719786348082,1.6884784193703763,2.0020173155998817,-0.156611480723161,0.2042794753841236
2022-08-18,0.0019528523812128,1.6917757684722703,2.0020173155998817,-0.15496446744500358,0.1998402378165118
2022-08-19,-0.0204679927366127,1.6571485143312026,2.0020173155998817,-0.17226064858751888,0.2110227672273822
2022-08-22,-0.0223495252315715,1.620112031797696,2.0020173155998817,-0.19076023010707688,0.2183186948260473
2022-08-23,-0.0015309805563795,1.6176316717778574,2.0020173155998817,-0.1919991604602319,0.2167662387408878
2022-08-24,0.000841197456712,1.6189924194260537,2.0020173155998817,-0.19131947220898982,0.2165751649819832
2022-08-25,0.0180067013676745,1.6481451324391876,2.0020173155998817,-0.1767578034432037,0.2205915521178036
2022-08-26,-0.0374254255098766,1.586462599555619,2.0020173155998817,-0.20756799294702732,0.2454592902986888
2022-08-29,-0.0103422150576156,1.570055062170151,2.0020173155998817,-0.21576349518250704,0.2470549085333629
2022-08-30,-0.0094901213417526,1.5551550491169233,2.0020173155998817,-0.22320599477385705,0.239010093571146
2022-08-31,-0.0102196595351626,1.5392618939905593,2.0020173155998817,-0.2311445650362235,0.2383869479608317
2022-09-01,-0.0124592740119385,1.5200838082771957,2.0020173155998817,-0.24072394557600518,0.2377257374021378
2022-09-02,-0.0093735473308966,1.50583523075338,2.0020173155998817,-0.24784105560936487,0.2373787277400162
2022-09-06,-0.0086547101102023,1.49280266335748,2.0020173155998817,-0.25435077322986155,0.2381077971711157
2022-09-07,0.0161141726810608,1.5168579432535698,2.0020173155998817,-0.24233525283018809,0.2401216970293022
2022-09-08,0.0050017166113299,1.524444836825369,2.0020173155998817,-0.23854562847844984,0.2167215511918889
2022-09-09,0.0151075336078974,1.5474754384310938,2.0020173155998817,-0.22704193096980763,0.2193633083814941
2022-09-12,0.0118580606255903,1.5658254959966216,2.0020173155998817,-0.2178761473262084,0.2190719532927131
2022-09-13,-0.0462348629411752,1.49342976879942,2.0020173155998817,-0.2540375364576051,0.2546625030627641
2022-09-14,0.0019101203549938,1.4962823993995575,2.0020173155998817,-0.2526126583719315,0.254391066273445
2022-09-15,-0.011123980481864,1.47963778319328,2.0020173155998817,-0.2609265805725943,0.2468001913571174
2022-09-16,-0.0017241538024159,1.4770866600831891,2.0020173155998817,-0.26220085681896466,0.2461544557485396
2022-09-19,0.0089640305240708,1.4903273099908727,2.0020173155998817,-0.2555872027788565,0.2488256190844959
2022-09-20,-0.0080503837383366,1.4783296032497233,2.0020173155998817,-0.26158001145621523,0.248220822067585
2022-09-21,-0.0099122683967455,1.4636760034434577,2.0020173155998817,-0.2688994285721831,0.2489589563971779
2022-09-22,-0.01359932448957,1.443770998525033,2.0020173155998817,-0.27884190247754004,0.2368668114446034
2022-09-23,-0.0121728377787265,1.4261962083703579,2.0020173155998817,-0.2876204430114959,0.2378250950076459
2022-09-26,-0.0116916128693733,1.4095216744263237,2.0020173155998817,-0.2959493090078611,0.2264053468405926
2022-09-27,-0.0016616901498741,1.4071794861438955,2.0020173155998817,-0.29711922310609473,0.2247405390811383
2022-09-28,0.0173568831096551,1.4316037359991998,2.0020173155998817,-0.2849194036215237,0.2342590243402432
2022-09-29,-0.0229230970804053,1.3987869445782193,2.0020173155998817,-0.30131126555262155,0.2395150227105347
2022-09-30,-0.0151282810372739,1.3776257025693703,2.0020173155998817,-0.31188122508491867,0.2396140824155464
2022-10-03,0.0282078953277464,1.4164856241882604,2.0020173155998817,-0.2924708427090569,0.2562828349133623
2022-10-04,0.0311361275427411,1.4605895012454453,2.0020173155998817,-0.27044112462743797,0.2714173959014663
2022-10-05,-0.00284827741145,1.4564293371616468,2.0020173155998817,-0.2725191106924846,0.271369335696138
2022-10-06,-0.0091305820060477,1.4431312896626787,2.0020173155998817,-0.2791614346101393,0.2715696147410849
2022-10-07,-0.0358188615456332,1.3914399698060802,2.0020173155998817,-0.3049810513805915,0.2789200570609686
2022-10-10,-0.0138881430720704,1.372115452429216,2.0020173155998817,-0.3146335739768178,0.2634035014622908
2022-10-11,-0.010489294982146,1.3577229286991253,2.0020173155998817,-0.32182258459023416,0.2634312555657503
2022-10-12,0.0012154197601585,1.3593731319754865,2.0020173155998817,-0.3209983143586519,0.2635661799261302
2022-10-13,0.0286513109276451,1.398320954246403,2.0020173155998817,-0.3015440259429464,0.2796209281957097
2022-10-14,-0.0217989590005099,1.3678390130952318,2.0020173155998817,-0.3167696390850774,0.2836346735379907
2022-10-17,0.0303266995525398,1.4093210558816134,2.0020173155998817,-0.2960495172044372,0.2992266046444568
2022-10-18,0.0096783628529623,1.4229609764367555,2.0020173155998817,-0.28923642900142377,0.3004166285918496
2022-10-19,-0.0076213955290836,1.41211602801288,2.0020173155998817,-0.29465343930366783,0.2962238971860572
2022-10-20,-0.0029533096159974,1.4079456121684455,2.0020173155998817,-0.29673654608398303,0.29543637335007
2022-10-21,0.0239168510124004,1.441619237608241,2.0020173155998817,-0.27991669883420756,0.3010431264353791
2022-10-24,0.0084794111619954,1.4538433198629637,2.0020173155998817,-0.27381081645273575,0.2998303925674536
2022-10-25,0.0195759316916144,1.482303657382911,2.0020173155998817,-0.25959498660042535,0.2757283142778544
2022-10-26,-0.0163520949523522,1.4580648872291666,2.0020173155998817,-0.2717021596827328,0.2796218002431984
2022-10-27,-0.003859961878077,1.4524368123486993,2.0020173155998817,-0.27451336158224326,0.2780597446960855
2022-10-28,0.0296882321416258,1.4955570936047504,2.0020173155998817,-0.25297494584524927,0.2914128172514153
2022-10-31,-0.011555584742127,1.4782750568729115,2.0020173155998817,-0.26160725716302646,0.2923476970537108
2022-11-01,-0.0008944348153133,1.4769528361954352,2.0020173155998817,-0.26226770133959454,0.2913923309099168
2022-11-02,-0.0220213234990753,1.4444283799966988,2.0020173155998817,-0.2785135429441117,0.2970770501689244
2022-11-03,-0.0107633253916076,1.4288815273379216,2.0020173155998817,-0.2862791364470424,0.2960835809816937
2022-11-04,0.0212933075950198,1.4593071412163698,2.0020173155998817,-0.27108165856242605,0.3001614934952555
2022-11-07,0.0078236198394411,1.4707242055182281,2.0020173155998817,-0.2653788785650226,0.2983499532467425
2022-11-08,0.0090154813010458,1.4839834920920734,2.0020173155998817,-0.25875591558137223,0.298943613140462
2022-11-09,-0.0225659450239063,1.4504960021931392,2.0020173155998817,-0.2754827888396587,0.303416384968139
2022-11-10,0.0712367668232844,1.5538246476794784,2.0020173155998817,-0.22387052520877304,0.3578002257311353
2022-11-11,0.013409451898993,1.5746605845520059,2.0020173155998817,-0.21346305434916946,0.354257071030057
2022-11-14,-0.0083606232311523,1.5614954406876205,2.0020173155998817,-0.22003899340913735,0.3489883957691394
2022-11-15,0.0080453302161903,1.5740581871390278,2.0020173155998817,-0.21376394955536182,0.3393742196086045
2022-11-16,-0.0071458014035055,1.5628102799361703,2.0020173155998817,-0.2193822362281158,0.3402138570319508
2022-11-17,-0.0033295443611386,1.5576068337810793,2.0020173155998817,-0.22198133770168704,0.3388928933767042
2022-11-18,-0.0012802722895487,1.5556126729137776,2.0020173155998817,-0.22297741343577948,0.3189183171542704
2022-11-21,-0.0053815805165668,1.5472410180619005,2.0020173155998817,-0.22715902304856572,0.3157287081062761
2022-11-22,0.0175781657804755,1.5744386771797443,2.0020173155998817,-0.21357389623376877,0.3148601798758727
2022-11-23,0.0121758977774024,1.5936088815698737,2.0020173155998817,-0.20399845238483016,0.3152767320196682
2022-11-25,-0.0052667139254506,1.5852157994815879,2.0020173155998817,-0.20819076482033527,0.3088951484867647
2022-11-28,-0.0178184348228239,1.5569697350784146,2.0020173155998817,-0.22229956606949408,0.3061682345985207
2022-11-29,-0.0043958174971071,1.5501255802744909,2.0020173155998817,-0.22571819524447356,0.2971241099623117
2022-11-30,0.038982580446592,1.6105534754098614,2.0020173155998817,-0.19553469250225874,0.3141999648497739
2022-12-01,0.0046782724207538,1.6180880833160203,2.0020173155998817,-0.19177118464073895,0.3121528546915331
2022-12-02,-0.003086487978914,1.6130938738980414,2.0020173155998817,-0.1942657731635572,0.3121815838184452
2022-12-05,-0.0173173876207315,1.5851593020151216,2.0020173155998817,-0.2082189850889743,0.3130302468529594
2022-12-06,-0.013547235834071,1.5636847751161513,2.0020173155998817,-0.21894542922691407,0.3163872981992507
2022-12-07,0.0015385650493187,1.566090605859297,2.0020173155998817,-0.21774372596271196,0.3122789238978304
2022-12-08,0.0163919633041993,1.591761905601594,2.0020173155998817,-0.2049210098242129,0.3099529781757638
2022-12-09,-0.0077372871473481,1.5794459866677444,2.0020173155998817,-0.21107276427602661,0.3109127371686044
2022-12-12,0.0162073337985306,1.6050445949904182,2.0020173155998817,-0.19828635722389598,0.3032091425701177
2022-12-13,0.0122730685924525,1.6247434173986808,2.0020173155998817,-0.18844687069459987,0.3014498627278524
2022-12-14,-0.0073030981842269,1.6128777566972419,2.0020173155998817,-0.19437372287963384,0.3027984851699246
2022-12-15,-0.0278033492603278,1.5680343531135745,2.0020173155998817,-0.21677283163570893,0.3073975174018167
2022-12-16,-0.0117016271189031,1.549685799803809,2.0020173155998817,-0.22593786390930226,0.3077722124866593
2022-12-19,-0.0106200279028893,1.533228093369181,2.0020173155998817,-0.23415842539315568,0.3050738571489651
2022-12-20,8.726695324630103e-05,1.5333618935135211,2.0020173155998817,-0.23409159273227031,0.3045751687327446
2022-12-21,0.0138456935598767,1.5545923524075018,2.0020173155998817,-0.22348705963030802,0.305920618395174
2022-12-22,-0.0237416961133091,1.5176836931965685,2.0020173155998817,-0.24192279388861737,0.3067497651464547
2022-12-23,-0.0006841850706408,1.5166453166717284,2.0020173155998817,-0.2424414589954319,0.2249728864938054
2022-12-27,-0.0152943904284621,1.4934491510570524,2.0020173155998817,-0.25402785509397185,0.2246997811206017
2022-12-28,-0.0097494100179223,1.4788889029424792,2.0020173155998817,-0.26130064339660974,0.2250949802876089
2022-12-29,0.020608141036105,1.5093660540310483,2.0020173155998817,-0.24607742287244705,0.2326458967185674
2022-12-30,-0.000437879859987,1.50870513303464,2.0020173155998817,-0.24640755038496076,0.2319912748297021
2023-01-03,-0.0057853562144583,1.4999767364174528,2.0020173155998817,-0.25076735114651005,0.2323080029363475
2023-01-04,0.0047873089558414,1.5071575884812578,2.0020173155998817,-0.24718054297664493,0.2329438157852483
2023-01-05,-0.0141016774501688,1.485904138301921,2.0020173155998817,-0.2577965601377995,0.2357394142169812
2023-01-06,0.0247001374622224,1.5226061747736634,2.0020173155998817,-0.2394640331482688,0.2415129683322555
2023-01-09,0.0098604930417074,1.53761982236528,2.0020173155998817,-0.23196477353915912,0.2405061159217587
2023-01-10,0.005966414255951,1.546793899193673,2.0020173155998817,-0.2273823572149306,0.2410103453502051
2023-01-11,0.0137707134057062,1.5680943546771637,2.0020173155998817,-0.21674286108394514,0.238901184891371
2023-01-12,0.0101370245591024,1.5839901656615158,2.0020173155998817,-0.20880296423066091,0.2401044524498349
2023-01-13,0.0103196490327357,1.6003363882424477,2.0020173155998817,-0.20063808850578047,0.2134157379115089
2023-01-17,0.0051581001173973,1.6085910835545163,2.0020173155998817,-0.19651489973625913,0.2135140814135969
2023-01-18,-0.011920813062827,1.5894153699529325,2.0020173155998817,-0.20609309541527,0.2161042472839136
2023-01-19,-0.0101785234592784,1.573237468323329,2.0020173155998817,-0.21417389546806875,0.2122041692972718
2023-01-20,0.019992466612649,1.6046903658825515,2.0020173155998817,-0.19846329330986612,0.2160543785779217
2023-01-23,0.0209344149362304,1.6382836198461084,2.0020173155998817,-0.18168359130539524,0.2236895350394249
2023-01-24,0.0046128884588142,1.6458408394483608,2.0020173155998817,-0.1779087889880696,0.219486340580575
2023-01-25,0.0003639900640263,1.6464399091608886,2.0020173155998817,-0.17760955595553796,0.2178675804343001
2023-01-26,0.0123005233737631,1.6666919817470187,2.0020173155998817,-0.16749372307620958,0.2158571800396738
2023-01-27,0.0068462852999681,1.6781026305612279,2.0020173155998817,-0.16179414759037514,0.2140354649889646
2023-01-30,-0.0195703406788853,1.6452615903870111,2.0020173155998817,-0.17819812168106686,0.2210899390874976
2023-01-31,0.0124391796603681,1.6657272948981379,2.0020173155998817,-0.1679755804714298,0.2061787266883007
2023-02-01,0.0191610245009231,1.6976443364075373,2.0020173155998817,-0.1520331401834767,0.2076267841938284
2023-02-02,0.0183455037074733,1.728788476875073,2.0020173155998817,-0.13647676101289807,0.2079333421653415
2023-02-03,-0.0078871137216486,1.7151533255572835,2.0020173155998817,-0.14328746700007566,0.2105362433513053
2023-02-06,-0.0045575425978413,1.7073364412142271,2.0020173155998817,-0.14719197086332736,0.209680609315095
2023-02-07,0.0206338795101132,1.742565415625467,2.0020173155998817,-0.12959523274486406,0.199296548133944
2023-02-08,-0.0054153268718862,1.733128854304211,2.0020173155998817,-0.13430875907039863,0.2008711488326163
2023-02-09,-0.0077009875927653,1.7197820505005508,2.0020173155998817,-0.140975436575963,0.1954910699617803
2023-02-10,-0.0069253996879798,1.7078718724246211,2.0020173155998817,-0.14692452501946685,0.1938305271112501
2023-02-13,0.0155054745805266,1.7343532363292973,2.0020173155998817,-0.13369718492688554,0.1907730858173128
2023-02-14,0.0083964950086992,1.7489157246214575,2.0020173155998817,-0.1264232776641021,0.1904187430517797
2023-02-15,-0.0011161068193047,1.7469637478548181,2.0020173155998817,-0.1273982826010871,0.1885913809401078
2023-02-16,-0.0168966907276754,1.7174458416948546,2.0020173155998817,-0.14214236394841495,0.1991419946580613
2023-02-17,-0.0066374166335141,1.7060464380980296,2.0020173155998817,-0.14783632249113077,0.1942172967898613
2023-02-21,-0.0213577086664635,1.669609195301674,2.0020173155998817,-0.1660365860515074,0.1987980373513967
2023-02-22,-0.0006065561058875,1.668596483649818,2.0020173155998817,-0.16654243165232463,0.1980422637739716
2023-02-23,0.0266595794712615,1.7130805642111475,2.0020173155998817,-0.1443228033730356,0.2096546303344243
2023-02-24,-0.0111673566336071,1.6939499826085007,2.0020173155998817,-0.153878455791014,0.2114826211561283
2023-02-27,0.0058475348839707,1.7038554142235054,2.0020173155998817,-0.14893073054517292,0.210528447386888
2023-02-28,-0.0013536558957225,1.701548980296583,2.0020173155998817,-0.15008278547943865,0.2094859774634773
2023-03-01,-0.0094793973834438,1.6854193213449582,2.0020173155998817,-0.1581394884989087,0.2119289030059914
2023-03-02,0.0066910248234075,1.696696503861928,2.0020173155998817,-0.1525065789186083,0.208414238643539
2023-03-03,0.0209226620917638,1.732195911484508,2.0020173155998817,-0.13477476044432957,0.2117474889072141
2023-03-06,-0.0004185672992418,1.7314708709200801,2.0020173155998817,-0.1351369154360862,0.205949001633156
2023-03-07,-0.01404337320144,1.7071551792923272,2.0020173155998817,-0.1472825105007658,0.203858250295472
2023-03-08,0.0062328493850745,1.7177956204018061,2.0020173155998817,-0.14196765082069818,0.2041303275818675
2023-03-09,-0.0182545094394306,1.6864381040341687,2.0020173155998817,-0.15763061043812865,0.2120163111556491
2023-03-10,-0.0007855086813305,1.6851133922629233,2.0020173155998817,-0.15829229890651653,0.2092689939549818
2023-03-13,0.0047560206334333,1.6931278263262006,2.0020173155998817,-0.15428911971279624,0.2088010120283377
2023-03-14,0.0182708940376651,1.7240627854332287,2.0020173155998817,-0.1388372258325684,0.2061686171328597
2023-03-15,-0.0015297901573636,1.721425331153396,2.0020173155998817,-0.14015462416837765,0.2037728069300011
2023-03-16,0.0228544504219373,1.760767561039308,2.0020173155998817,-0.12050333065590191,0.2068631614294746
2023-03-17,-0.0015761676322089,1.7579922962017545,2.0020173155998817,-0.12188956483875757,0.2005600425383676
2023-03-20,0.0021451598643359,1.7617634707173782,2.0020173155998817,-0.12000587757679515,0.1989568517476211
2023-03-21,0.0082798432229652,1.776350596050865,2.0020173155998817,-0.11271966420600033,0.1993362963372285
2023-03-22,-0.0048877955350082,1.7676681575388784,2.0020173155998817,-0.11705650906959475,0.1915049957640206
2023-03-23,0.0094945855512137,1.7844514340867874,2.0020173155998817,-0.10867332655806883,0.1923448735119517
2023-03-24,-0.0011271956501834,1.7824400081923213,2.0020173155998817,-0.10967802610726496,0.1906841857122621
2023-03-27,-0.0040749806215034,1.7751765996999453,2.0020173155998817,-0.11330607089777645,0.1897974252335174
2023-03-28,-0.0008978266559467,1.773582798829722,2.0020173155998817,-0.11410216834299058,0.1850679272752495
2023-03-29,0.0116189329048878,1.7941899383705875,2.0020173155998817,-0.10380898087638224,0.1864461336580648
2023-03-30,0.0076765680596712,1.8079631595444663,2.0020173155998817,-0.0969293095236139,0.1873516061024382
2023-03-31,0.0123624894745417,1.830314085074694,2.0020173155998817,-0.0857651076178324,0.1818889418815177
2023-04-03,0.003393954956976,1.836526088636556,2.0020173155998817,-0.08266223557299157,0.1799733426750459
2023-04-04,-0.0040134489418941,1.8291552849493566,2.0020173155998817,-0.08634392385299072,0.1664913459126217
2023-04-05,-0.0056365656924891,1.8188451310239762,2.0020173155998817,-0.09149380634653503,0.1680948803557846
2023-04-06,0.0056856544920051,1.8291864560134443,2.0020173155998817,-0.0863283540255747,0.1526502684129884
2023-04-10,-0.0021786766991359,1.825201250103353,2.0020173155998817,-0.08831894915132033,0.1479440703061277
2023-04-11,-0.0051381116945466,1.8158231622152958,2.0020173155998817,-0.09300326822038252,0.1492256074958585
2023-04-12,-0.0044769345691968,1.8076938407288259,2.0020173155998817,-0.09706383324303514,0.1501375652316252
2023-04-13,0.0120884727901622,1.8295460985354202,2.0020173155998817,-0.08614871395994017,0.1487365039091428
2023-04-14,0.0075924413969546,1.8434368200715772,2.0020173155998817,-0.07921035162514956,0.1489651815920473
2023-04-17,0.0030525219808946,1.849063951485236,2.0020173155998817,-0.07639962098370512,0.1387378924256029
2023-04-18,0.0071555168869775,1.8622949598151899,2.0020173155998817,-0.0697907828748352,0.139224111828577
2023-04-19,0.0017196507810052,1.865497456797298,2.0020173155998817,-0.06819114786810776,0.1301815348180124
2023-04-20,-0.006813292519634,1.8527872769295046,2.0020173155998817,-0.07453983415006682,0.1328248512583771
2023-04-21,-0.003250503327014,1.846764785721596,2.0020173155998817,-0.07754804549818095,0.1187697507751047
2023-04-24,-0.0005558296811333,1.8457382990396203,2.0020173155998817,-0.07806077167391245,0.1187070011451235
2023-04-25,-0.0136960979844199,1.820458886442377,2.0020173155998817,-0.09068774168074711,0.1280996983540292
2023-04-26,0.0098279137104723,1.838350199291795,2.0020173155998817,-0.08175109927011082,0.1211901525238927
2023-04-27,0.015579570463005,1.8669909057573408,2.0020173155998817,-0.06744517581861265,0.1266724460805414
2023-04-28,0.0098578844764182,1.88539548642482,2.0020173155998817,-0.05825215809390605,0.1136728328990307
2023-05-01,0.0050438125525443,1.8949050678457597,2.0020173155998817,-0.053502158507568676,0.1133264455920641
2023-05-02,-0.0048826568849944,1.8856528965698318,2.0020173155998817,-0.05812358270996398,0.1153450066602676
2023-05-03,-0.0067768092985598,1.872874186486501,2.0020173155998817,-0.06450649957274934,0.1168000755703606
2023-05-04,-0.006037116480649,1.8615674268690814,2.0020173155998817,-0.0701541828017187,0.117417065735355
2023-05-05,0.0204324459520675,1.8996038027047133,2.0020173155998817,-0.05115515839805884,0.1275276778696616
2023-05-08,0.0005736847973212,1.9006935765272586,2.0020173155998817,-0.05061082053741506,0.1272465695715287
2023-05-09,-0.0065304384331014,1.888281214145556,2.0020173155998817,-0.056810748122948174,0.1284874445085201
2023-05-10,0.0076450733197382,1.9027172624759832,2.0020173155998817,-0.04959999713795904,0.1291436452931619
2023-05-11,-0.0031091632473257,1.8968014038934407,2.0020173155998817,-0.05255494589711596,0.1270223014794885
2023-05-12,-0.0060331141430279,1.885357784517096,2.0020173155998817,-0.058270990052765925,0.1278041354586518
2023-05-15,0.0041801502750779,1.8932388633786654,2.0020173155998817,-0.05433442127278609,0.1238610577827493
2023-05-16,-0.0014440672648831,1.8905048991114557,2.0020173155998817,-0.055700025978552836,0.1238953644347804
2023-05-17,0.013315235435658,1.9156774169353896,2.0020173155998817,-0.043126449502571496,0.1279217476729553
2023-05-18,0.012691005829034,1.9399892902002653,2.0020173155998817,-0.030982761695560246,0.1299581883996455
2023-05-19,-0.0023032465876449,1.9355210164875438,2.0020173155998817,-0.03321464734305413,0.1301501308724014
2023-05-22,-0.0016544877672585,1.9323187206424934,2.0020173155998817,-0.03481418188258967,0.1300155645040983
2023-05-23,-0.0107875558938051,1.9114737244389166,2.0020173155998817,-0.0452261778434393,0.1336660660577031
2023-05-24,-0.0052826790922902,1.9013760221593612,2.0020173155998817,-0.050269941551611685,0.1340120272717851
2023-05-25,0.0442142344821575,1.985443907441867,2.0020173155998817,-0.00827835405262145,0.1800487708789321
2023-05-26,0.0143403065254188,2.013915781663609,2.013915781663609,0.0,0.1826558144878014
2023-05-30,0.0075927903692221,2.029207022015049,2.029207022015049,0.0,0.1831371275406223
2023-05-31,-0.0118277597016032,2.005206048973849,2.029207022015049,-0.011827759701603324,0.1877509508593405
2023-06-01,0.0171421726688374,2.039579637301956,2.039579637301956,0.0,0.192431916520847
2023-06-02,0.0037900066578609,2.0473096577065677,2.0473096577065677,0.0,0.190150372508059
2023-06-05,-0.0029302976325258,2.041310431063543,2.0473096577065677,-0.0029302976325258356,0.1900552696635688
2023-06-06,-0.0018936785024933,2.0374448453833223,2.0473096577065677,-0.004818427093386646,0.1903373514303704
2023-06-07,-0.0122775144252178,2.0124300869035427,2.0473096577065677,-0.01703678321045854,0.1892736520623308
2023-06-08,0.0110777975440753,2.034723379977866,2.0473096577065677,-0.0061477157015910056,0.1896758705578332
2023-06-09,0.0022938692796981,2.039390769431881,2.0473096577065677,-0.003867948478081029,0.1861733808351827
2023-06-12,0.009433358930339,2.058629074559152,2.058629074559152,0.0,0.1860417900723882
2023-06-13,0.0072408279631114,2.073535253527894,2.073535253527894,0.0,0.1863602356386184
2023-06-14,0.0096481366425871,2.0935410049871526,2.0935410049871526,0.0,0.1857273365450568
2023-06-15,0.011103642417614,2.1167869356931424,2.1167869356931424,0.0,0.1843063899654514
2023-06-16,-0.0042735027883351,2.1077408408211467,2.1167869356931424,-0.0042735027883349375,0.1835282736396847
2023-06-20,-2.630912454891228e-05,2.1076853880048487,2.1167869356931424,-0.004299699480766694,0.1772887364770631
2023-06-21,-0.0066045383288435,2.0937650990746275,2.1167869356931424,-0.01087584027958688,0.1795354146220141
2023-06-22,0.0008099859702257,2.0954610194298264,2.1167869356931424,-0.010074663587401944,0.1772925142938983
2023-06-23,-0.0061961824468376,2.082477160643203,2.1167869356931424,-0.01620842158056146,0.1790346119031055
2023-06-26,-0.0097810370406755,2.062108374398591,2.1167869356931424,-0.025830923449386645,0.1820557581707173
2023-06-27,0.0110595091604678,2.0849142808551293,2.1167869356931424,-0.01505709162343083,0.1815462870415514
2023-06-28,-0.0015563630234386,2.081669397361367,2.1167869356931424,-0.016590020346226253,0.1820984908143826
2023-06-29,0.0029505942427955,2.087811559100625,2.1167869356931424,-0.013688376521952206,0.1815628479780456
2023-06-30,0.0176695381897305,2.1247022251771144,2.1247022251771144,0.0,0.1840554518867992
2023-07-03,-0.0009152204029883,2.1227576543503575,2.1247022251771144,-0.0009152204029884148,0.1823824312380292
2023-07-05,-0.0037492050092704,2.1147990007192,2.1247022251771144,-0.004660994063339419,0.1828001799323558
2023-07-06,-0.0037596163616697,2.1068481677944533,2.1247022251771144,-0.00840308687546687,0.1833689259418953
2023-07-07,-0.000411991007382,2.105980165295403,2.1247022251771144,-0.008811615886621826,0.1790286359291716
2023-07-10,-0.0036082817503605,2.0983811954983462,2.1247022251771144,-0.012388102844187565,0.178396085920389
2023-07-11,0.005176324434165,2.1092430973527967,2.1247022251771144,-0.007275903249467808,0.1300124782110444
2023-07-12,0.0135965111947529,2.137921444738409,2.137921444738409,0.0,0.1294180305344071
2023-07-13,0.0135661124636857,2.166924727496256,2.166924727496256,0.0,0.1327654570579463
2023-07-14,-0.0005350801044049,2.1657652491868298,2.166924727496256,-0.0005350801044048392,0.1262533696365189
2023-07-17,0.0105123577399431,2.188532548267019,2.188532548267019,0.0,0.1209698727061813
2023-07-18,0.0124634955905301,2.2158093140320765,2.2158093140320765,0.0,0.1244111389243543
2023-07-19,7.031312463009467e-05,2.2159651145085304,2.2159651145085304,0.0,0.1235384313663646
2023-07-20,-0.0111436594964191,2.191271153816504,2.2159651145085304,-0.011143659496419156,0.1293449053376413
2023-07-21,-0.0076850990876283,2.1744310178715627,2.2159651145085304,-0.01874311845661858,0.1254229937145291
2023-07-24,0.0052976669755437,2.1859504292655387,2.2159651145085304,-0.013544746280741204,0.1231314888662521
2023-07-25,0.0066111393307123,2.2004020521234433,2.2159651145085304,-0.007023153154890105,0.1237269189147114
2023-07-26,-0.0041927670185793,2.1911762789716858,2.2159651145085304,-0.011186473728555302,0.1234567982200145
2023-07-27,-0.0091363110482926,2.17115701092536,2.2159651145085304,-0.020220581673330185,0.1266276078023101
2023-07-28,0.0123991060048408,2.198077416856977,2.2159651145085304,-0.008072192804136513,0.1283922077626423
2023-07-31,0.0012158519993863,2.2007499536790687,2.2159651145085304,-0.006866155396510476,0.1252297124868147
2023-08-01,-0.0051545717285609,2.189406030186203,2.2159651145085304,-0.011985335034580658,0.1255976331242102
2023-08-02,-0.0195115732064822,2.146687274149511,2.2159651145085304,-0.03126305549913144,0.1393288558998469
2023-08-03,-0.0026461709725097,2.1410067725976005,2.2159651145085304,-0.03382649908166746,0.1380042717446052
2023-08-04,-0.0052205674795991,2.129829502266976,2.2159651145085304,-0.03887047304021218,0.1390955701420471
2023-08-07,0.0021979294034362,2.1345107171543143,2.2159651145085304,-0.03675797819239657,0.1376625912786927
2023-08-08,-0.0047196886650809,2.1244364911170672,2.2159651145085304,-0.04130418064445163,0.1350193351363676
2023-08-09,-0.0134936185189389,2.0957701555382204,2.2159651145085304,-0.054240456306536844,0.1378898336360806
2023-08-10,-0.0023501850566172,2.0908447078365704,2.2159651145085304,-0.056463166253278296,0.1379973278252849
2023-08-11,-0.0057434635427421,2.078836017483576,2.2159651145085304,-0.06188233565913692,0.1387805196148714
2023-08-14,0.0143554415183837,2.1086786263588713,2.2159651145085304,-0.04841524239132877,0.1353825669208904
2023-08-15,-0.0090714748652382,2.0895498012009917,2.2159651145085304,-0.05704751960211962,0.1377904029104051
2023-08-16,-0.006122117497749,2.076757331800641,2.2159651145085304,-0.06282038548190949,0.1384483338462403
2023-08-17,-0.0079830045707628,2.060178568528511,2.2159651145085304,-0.07030189462823322,0.1398285576623522
2023-08-18,0.0008870581936734,2.0620060668081543,2.2159651145085304,-0.06947719830622057,0.1399031960046247
2023-08-21,0.0171823957423138,2.097436271071104,2.2159651145085304,-0.053488587280271616,0.1487970262400055
2023-08-22,-0.0054127430948547,2.086083387377966,2.2159651145085304,-0.05861181039367136,0.1487779392212577
2023-08-23,0.0168964910615719,2.1213308766864913,2.2159651145085304,-0.04270565326251885,0.1517392494995688
2023-08-24,-0.0105969074470174,2.0988513297217444,2.2159651145085304,-0.05285001285444879,0.1488009563373758
2023-08-25,0.0010898370985114,2.1011387357651348,2.2159651145085304,-0.05181777366060314,0.1489215421504657
2023-08-28,0.0065049853122421,2.11480661238027,2.2159651145085304,-0.04564986220493639,0.1466732745717996
2023-08-29,0.017822425999427,2.152497596732516,2.2159651145085304,-0.02864102749654085,0.151715356176682
2023-08-30,0.0048904493251937,2.163024277151938,2.2159651145085304,-0.02389064566494048,0.1526296839970756
2023-08-31,-0.0018818386872659,2.158953814385698,2.2159651145085304,-0.025727526010930424,0.1494829937927941
2023-09-01,-0.0015222539410781,2.1556673384331435,2.2159651145085304,-0.027210616124144216,0.1479511240620296
2023-09-05,-0.0021954585423435,2.1509346601605297,2.2159651145085304,-0.029346334886875436,0.1471024123034248
2023-09-06,-0.0120527274984259,2.1250100308346953,2.2159651145085304,-0.04104535900783246,0.1491966262334821
2023-09-07,-0.009852280343516,2.104073836278128,2.2159651145085304,-0.0504932489676031,0.1510994103732434
2023-09-08,0.001168599928973,2.106532656813757,2.2159651145085304,-0.049383655445787156,0.149402002564299
2023-09-11,0.0027805319964306,2.1123899382675537,2.2159651145085304,-0.04674043628342417,0.1444446876038991
2023-09-12,-0.0054046772644296,2.100973152394589,2.2159651145085304,-0.0518924965745432,0.144722999303424
2023-09-13,0.0022699437398658,2.1057422432494937,2.2159651145085304,-0.04974034588242271,0.1446959148497213
2023-09-14,0.0067755355477389,2.1200097746730058,2.2159651145085304,-0.043301827816367155,0.1356545238830132
2023-09-15,-0.0127114091925469,2.093061462934938,2.2159651145085304,-0.055462809756754994,0.1401758987999322
2023-09-18,0.0038241012084013,2.101065541804606,2.2159651145085304,-0.05185080394616581,0.1401019330888452
2023-09-19,-0.0022199234806715,2.096401337073924,2.2159651145085304,-0.053955622609665466,0.1399708287897497
2023-09-20,-0.0130987718417093,2.0689410542709386,2.2159651145085304,-0.06634764206123334,0.1441766850511638
2023-09-21,-0.0140240691294203,2.039926081901147,2.2159651145085304,-0.0794412472718129,0.1445887689442616
2023-09-22,0.0009652234456646,2.041895066382821,2.2159651145085304,-0.07855270238056788,0.1446111060183395
2023-09-25,0.0021701272121656,2.046326238430765,2.2159651145085304,-0.07655304452542744,0.1440540360513434
2023-09-26,-0.0128072927678478,2.0201183391966535,2.2159651145085304,-0.08837990003976792,0.141220476925334
2023-09-27,0.0001765401839074,2.02047497125977,2.2159651145085304,-0.08821896245966732,0.1393814838303456
2023-09-28,0.0056574057257666,2.031905617930943,2.2159651145085304,-0.08306064719724127,0.1398609677738458
2023-09-29,-0.0012201913892886,2.0294263041920964,2.2159651145085304,-0.08417948870003111,0.1381597172340805
2023-10-02,0.0054272884013503,2.040440586034233,2.2159651145085304,-0.07920906666133432,0.139168670502192
2023-10-03,-0.015545962203708,2.008719973804833,2.2159651145085304,-0.09352364770853416,0.1356984152262308
2023-10-04,0.009096560741983,2.026992417060183,2.2159651145085304,-0.08527783050874371,0.1384616719427686
2023-10-05,0.0033468004795629,2.0337763562536706,2.2159651145085304,-0.08221643791322353,0.1285230818401161
2023-10-06,0.0135156197584001,2.0612641041584197,2.2159651145085304,-0.06981202426754862,0.1324250052576144
2023-10-09,0.0059629705105624,2.073555361225997,2.2159651145085304,-0.06426534079897639,0.1337023091405728
2023-10-10,0.0022329763358665,2.078185561278724,2.2159651145085304,-0.06217586744833037,0.1323499169816532
2023-10-11,0.0104809579898138,2.0999669368415237,2.2159651145085304,-0.0523465721132228,0.1250012074450677
2023-10-12,-0.0039499557581758,2.091672160347368,2.2159651145085304,-0.05608976122745912,0.1241311900420366
2023-10-13,-0.0015783562712905,2.0883707564755998,2.2159651145085304,-0.05757958787236106,0.1241174374156672
2023-10-16,0.0040864901477897,2.0969048629968694,2.2159651145085304,-0.053728396143125634,0.1250042235104354
2023-10-17,-0.0098489815389451,2.0762524857122893,2.2159651145085304,-0.06304820770033981,0.1276386967515387
2023-10-18,-0.0116819005548852,2.051997910647365,2.2159651145085304,-0.07399358536270584,0.127367580596006
2023-10-19,-0.0033266382761453,2.0451716558552353,2.2159651145085304,-0.07707407374559438,0.1248655412632174
2023-10-20,-0.0108873124408945,2.0229052330426778,2.2159651145085304,-0.08712225666452811,0.1279668935635202
2023-10-23,0.0055471441500716,2.0341265799722996,2.2159651145085304,-0.0820583922308542,0.1289840287385312
2023-10-24,0.0063295263590024,2.0470016377777815,2.2159651145085304,-0.07624825662845447,0.1301585624742441
2023-10-25,-0.0093881750048032,2.027784028167205,2.2159651145085304,-0.08492059965621856,0.1321132645183763
2023-10-26,-0.014853330257932,1.9976646823050779,2.2159651145085304,-0.09851257620175513,0.1355612289309651
2023-10-27,-0.0028502604728664,1.9919708176230624,2.2159651145085304,-0.10108205017259342,0.1317132416266776
2023-10-30,0.01099409669847,2.0138707374125406,2.2159651145085304,-0.0911992593082005,0.1358603092927956
2023-10-31,0.0014024901414956,2.016695171268008,2.2159651145085304,-0.08992467522879644,0.1360703571697015
2023-11-01,0.0158818666468038,2.04872405504534,2.2159651145085304,-0.07547098028223354,0.1400184104496051
2023-11-02,0.0173869395928728,2.0843450964328785,2.2159651145085304,-0.059396250064542855,0.1428123390796014
2023-11-03,0.010862668497964,2.106986646250786,2.2159651145085304,-0.04917878334105208,0.1457874046422955
2023-11-06,0.0061067505631094,2.119853488139242,2.2159651145085304,-0.04337235534080364,0.1464862523664877
2023-11-07,0.0060761952146619,2.132734131759658,2.2159651145085304,-0.03755969902411205,0.140891851579468
2023-11-08,0.0056066850429368,2.1446917003167556,2.2159651145085304,-0.032163599383911,0.1412106944153716
2023-11-09,-0.0041266319895705,2.135841346938462,2.2159651145085304,-0.03615750403536411,0.1418717693286195
2023-11-10,0.0164571537550232,2.170991216381364,2.2159651145085304,-0.020295399883648924,0.1478325982730972
2023-11-13,-0.0021430449460272,2.1663386846272283,2.2159651145085304,-0.022394950875527897,0.1480655117134295
2023-11-14,0.0165834513858614,2.202264056889055,2.2159651145085304,-0.006182885068799604,0.1441355595916577
2023-11-15,-0.0017327986816285,2.1984479766346796,2.2159651145085304,-0.007904970055332194,0.143644008185718
2023-11-16,0.0101390698322336,2.2207381941923114,2.2207381941923114,0.0,0.1452295070186178
2023-11-17,-0.0010243153368149,2.2184634580009495,2.2207381941923114,-0.0010243153368150182,0.1421414783947915
2023-11-20,0.0102988166038865,2.241311006297325,2.241311006297325,0.0,0.1436095526037137
2023-11-21,-0.0034683728934258,2.2335373039573465,2.241311006297325,-0.0034683728934257196,0.1446951548425788
2023-11-22,-0.0001867374095306,2.2331202189871155,2.241311006297325,-0.003654462627986965,0.1428388893514765
2023-11-24,-0.0044404891082416,2.223204072977309,2.241311006297325,-0.00807872413473254,0.1430260973444586
2023-11-27,0.0034319171021356,2.2308339250568974,2.241311006297325,-0.004674532544118426,0.1426509491578311
2023-11-28,0.0028645197680408,2.237224192934439,2.241311006297325,-0.0018234030669564971,0.142557515421899
2023-11-29,0.0007065733339479,2.2388049558912297,2.241311006297325,-0.0011181181009927155,0.1380150110061523
2023-11-30,-0.0028593844543155,2.2324033518041095,2.241311006297325,-0.003974305425792246,0.1323611315118263
2023-12-01,0.0047849450895769,2.2430852792602796,2.2430852792602796,0.0,0.1311562098027428
2023-12-04,-0.0101052010596921,2.220418451519319,2.2430852792602796,-0.010105201059692148,0.1304482264283055
2023-12-05,0.0097392010031217,2.2420435531297054,2.2430852792602796,-0.0004644166408678263,0.1316796459650306
2023-12-06,-0.0064568588045394,2.227566994473519,2.2430852792602796,-0.006918276772730714,0.1342972326796785
2023-12-07,0.0075763960231606,2.244443924191772,2.244443924191772,0.0,0.1297812829119145
2023-12-08,0.0057303156358705,2.257305296304403,2.257305296304403,0.0,0.1177480932510563
2023-12-11,-0.0058781128046316,2.2440366011382333,2.257305296304403,-0.0058781128046315745,0.1196151082710473
2023-12-12,0.0082404468239201,2.2625284654208433,2.2625284654208433,0.0,0.118478211482232
2023-12-13,0.0117213345456868,2.2890483184831805,2.2890483184831805,0.0,0.1203366126325589
2023-12-14,0.0041074866276945,2.2984505538414965,2.2984505538414965,0.0,0.1151827731183555
2023-12-15,0.0032332594549278,2.3058820408263885,2.3058820408263885,0.0,0.1078149959961703
2023-12-18,0.0048338699847408,2.317028374811892,2.317028374811892,0.0,0.1055790294711074
2023-12-19,0.0040724628318056,2.3264643867485524,2.3264643867485524,0.0,0.105255452688045
2023-12-20,-0.0115133383754278,2.2996790150455344,2.3264643867485524,-0.011513338375427673,0.1130299323183569
2023-12-21,0.0066331461281984,2.3149331220002827,2.3264643867485524,-0.004956561903097012,0.1133107566866428
2023-12-22,-0.000603418335819,2.313536248908273,2.3264643867485524,-0.005556989358580955,0.1119522773018933
2023-12-26,0.0037632131761065,2.322242579003565,2.3264643867485524,-0.0018146883180480966,0.1041631819825793
2023-12-27,0.0037485901442319,2.330947714647733,2.330947714647733,0.0,0.1033917659577722
2023-12-28,0.0007025080161213,2.332585224102433,2.332585224102433,0.0,0.0944012257952574
2023-12-29,-0.0023236799634844,2.3271650425540664,2.332585224102433,-0.0023236799634843708,0.0946160257811376
2024-01-02,-0.0117166149200228,2.2998985458951218,2.332585224102433,-0.014013069220177754,0.0992020895005626
2024-01-03,-0.0058013724264415,2.2865559778873528,2.332585224102433,-0.019733146613235553,0.1010759093691503
2024-01-04,-0.0026966684310904,2.2803898945658627,2.332585224102433,-0.022376601290807985,0.0976784590262622
2024-01-05,0.002840831019561,2.286868096915039,2.332585224102433,-0.01959933841430639,0.0971078870542452
2024-01-08,0.0189416278938694,2.330185101449165,2.332585224102433,-0.0010289538956467226,0.1103348216507037
2024-01-09,0.0005521225875583,2.3314716492768666,2.332585224102433,-0.00047739941677582554,0.1089618712747808
2024-01-10,0.0078052477355885,2.349669363087974,2.349669363087974,0.0,0.1103263311290268
2024-01-11,0.0015874223929343,2.353399280850931,2.353399280850931,0.0,0.1102767828474319
2024-01-12,0.001278318904638,2.356407675641804,2.356407675641804,0.0,0.110243921223891
2024-01-16,-0.0009532296562763,2.3541614779631055,2.356407675641804,-0.0009532296562761999,0.1096912272218866
2024-01-17,-0.0051339594643674,2.3420753083626673,2.356407675641804,-0.006082295278228234,0.1110997103735458
2024-01-18,0.0113693505185577,2.3687031834843015,2.3687031834843015,0.0,0.1090826180636603
2024-01-19,0.0161210831426112,2.40688924444542,2.40688924444542,0.0,0.1143658521394922
2024-01-22,0.0018869236596768,2.4114308607069854,2.4114308607069854,0.0,0.1112702753805712
2024-01-23,0.0016460582667126,2.415400216409858,2.415400216409858,0.0,0.1103218120927349
2024-01-24,0.0047325709130348,2.4268312692173772,2.4268312692173772,0.0,0.1101035202403405
2024-01-25,0.0055144205589408,2.44021383746143,2.44021383746143,0.0,0.1075457889811113
2024-01-26,-0.0042143165032362,2.429930004014791,2.44021383746143,-0.004214316503236226,0.1081469291165868
2024-01-29,0.0089698918312662,2.4517262133083517,2.4517262133083517,0.0,0.1063665187246573
2024-01-30,0.0014055442410015,2.4551722229679798,2.4551722229679798,0.0,0.1062585781773185
2024-01-31,-0.0139063211066664,2.421029809663219,2.4551722229679798,-0.013906321106666453,0.1160064757406638
2024-02-01,0.0130745112907205,2.4526835912448317,2.4551722229679798,-0.0010136281682674442,0.1203482962297685
2024-02-02,0.0092241219792875,2.475307443867071,2.475307443867071,0.0,0.1220606978651705
2024-02-05,0.0031403705474786,2.4830808264597457,2.4830808264597457,0.0,0.1150486153627235
2024-02-06,0.0014326063673195,2.486638103862301,2.486638103862301,0.0,0.1144447627079827
2024-02-07,0.0088186496347681,2.508566894068727,2.508566894068727,0.0,0.1155395751091278
2024-02-08,-0.002943444155092,2.5011830675067235,2.508566894068727,-0.0029434441550919566,0.1166466479008585
2024-02-09,0.0090607307341569,2.523845613798234,2.523845613798234,0.0,0.1181458113523014
2024-02-12,-0.0025611591164343,2.517381643595982,2.523845613798234,-0.002561159116434286,0.1189962116177374
2024-02-13,-0.0123220995131168,2.486362216471099,2.523845613798234,-0.014851699772049365,0.1258987108639634
2024-02-14,0.008203887140145,2.506760051484549,2.523845613798234,-0.0067696543006735554,0.119802015533253
2024-02-15,0.0020111882563462,2.5118016178615727,2.523845613798234,-0.004772081093556202,0.116976266953163
2024-02-16,-0.0041888780613887,2.501279987169952,2.523845613798234,-0.008940969489144912,0.1177034840388309
2024-02-20,-0.0074403049786685,2.4826697012283674,2.523845613798234,-0.01631475092800927,0.1216168576548299
2024-02-21,-0.0034235540163811,2.4741701474013795,2.523845613798234,-0.0196824505133244,0.112724202457838
2024-02-22,0.0362892276398912,2.5639558711002515,2.5639558711002515,0.0,0.1500666189180515
2024-02-23,0.0013459773493394,2.567406897627458,2.567406897627458,0.0,0.1495168763847862
2024-02-26,-0.003384971669914,2.5587162980138474,2.567406897627458,-0.0033849716699140275,0.1506158289969238
2024-02-27,8.719531970677883e-05,2.558939406099492,2.567406897627458,-0.003298071503894162,0.1507623048773225
2024-02-28,-0.0015720147778971,2.55491671553736,2.567406897627458,-0.004864901664648591,0.1509065999182629
2024-02-29,0.0077291436321679,2.5746640337999747,2.5746640337999747,0.0,0.1496484161751097
2024-03-01,0.0095457715417459,2.5992411884633793,2.5992411884633793,0.0,0.1488750719387802
2024-03-04,0.003502109505407,2.6083440157363427,2.6083440157363427,0.0,0.1437189154067971
2024-03-05,-0.005885541215445,2.592992499527667,2.6083440157363427,-0.005885541215445045,0.1458608935404339
2024-03-06,0.00688519398337,2.6108457558843385,2.6108457558843385,0.0,0.1463952841533482
2024-03-07,0.010381654657074,2.637950654884817,2.637950654884817,0.0,0.1480044302998022
2024-03-08,-0.0081095918508005,2.6165579517511492,2.637950654884817,-0.008109591850800513,0.151089079868181
2024-03-11,-0.0018438530269483,2.6117334034516273,2.637950654884817,-0.009938491982267372,0.1503455351084353
2024-03-12,0.0165985425515422,2.6550843714821033,2.6550843714821033,0.0,0.1547802493983661
2024-03-13,-0.0024368733305946,2.64861426718676,2.6550843714821033,-0.0024368733305946133,0.1554597404329469
2024-03-14,-0.0045839656952008,2.6364731102461567,2.6550843714821033,-0.007009668482044318,0.1490877865054559
2024-03-15,-0.0034819190803751,2.6272931242186948,2.6550843714821033,-0.010467180463984649,0.1469647093086858
2024-03-18,0.0052432734182443,2.641068740418847,2.6550843714821033,-0.005278789334831058,0.1457915880019994
2024-03-19,0.0072636758191076,2.660252607565228,2.660252607565228,0.0,0.1465099162627351
2024-03-20,0.0101752109870404,2.6873212391260286,2.6873212391260286,0.0,0.1482201723571206
2024-03-21,-4.573788438555422e-05,2.6871983267378865,2.6873212391260286,-4.573788438555493e-05,0.1472283593471101
2024-03-22,0.003194671977029,2.6957830439290356,2.6957830439290356,0.0,0.1463878883425302
2024-03-25,-0.0042743905382416,2.684260214392913,2.6957830439290356,-0.004274390538241746,0.1463291500033076
2024-03-26,-0.0043515722421112,2.672579462153357,2.6957830439290356,-0.008607362461134804,0.1469152222484492
2024-03-27,0.0056596912170857,2.68770543666227,2.6957830439290356,-0.002996386257772654,0.140757896295135
2024-03-28,9.331268250132925e-05,2.6879562336663385,2.6957830439290356,-0.00290335317611079,0.1399306376741317
2024-04-01,-0.0020937955528743,2.6823282028579674,2.6957830439290356,-0.004991069701016482,0.1405256208381058
2024-04-02,-0.0040736455950208,2.671401348389995,2.6957830439290356,-0.009044383446935256,0.1404802772829532
2024-04-03,0.0002017154841684,2.671940211406394,2.6957830439290356,-0.008844492354952771,0.1376245555387862
2024-04-04,-0.0102472036122226,2.6445602960204275,2.6957830439290356,-0.01900106465316742,0.1415368285086804
2024-04-05,0.0108786951325203,2.6733296612404014,2.6957830439290356,-0.008329076310202188,0.1021213784365408
2024-04-08,-0.0013123896552559,2.6698212110479007,2.6957830439290356,-0.00963053497187083,0.1024268083849047
2024-04-09,-0.0006730916782017,2.668024176608458,2.6957830439290356,-0.010297144417126258,0.1016417988836695
2024-04-10,-0.006178903531416,2.6515387126017087,2.6957830439290356,-0.016412422886539768,0.1039494439969815
2024-04-11,0.0172776747912447,2.6973511361744364,2.6973511361744364,0.0,0.1134898484270608
2024-04-12,-0.0180939087391401,2.6485455108790803,2.6973511361744364,-0.018093908739140074,0.1258408610568243
2024-04-15,-0.012034998574214,2.6166702694319097,2.6973511361744364,-0.029911147147476558,0.1285809751941277
2024-04-16,-0.0026883981813437,2.609635617838393,2.6973511361744364,-0.03251913225522707,0.1284740129840075
2024-04-17,-0.0094214060240816,2.5850491811078324,2.6973511361744364,-0.04163416233078132,0.130288987652594
2024-04-18,-0.0020785108378901,2.579676128368421,2.6973511361744364,-0.04362613611104049,0.1287116246357614
2024-04-19,-0.0160564048245577,2.5382558041350896,2.6973511361744364,-0.05898206203326817,0.1322822469042539
2024-04-22,0.0101044166217346,2.5639033982726063,2.6973511361744364,-0.04947362473952677,0.1345876995005085
2024-04-23,0.0132345634475588,2.5978355404704567,2.6973511361744364,-0.03689382311756395,0.1403883483956869
2024-04-24,-0.0027983800417577,2.5905658093422352,2.6973511361744364,-0.0395889602210453,0.1312503028054935
2024-04-25,0.0020214409380067,2.59580248512184,2.6973511361744364,-0.03764754602792264,0.1313991609289584
2024-04-26,0.0143151320684029,2.6329617405198475,2.6973511361744364,-0.023871343552960722,0.1377314586014571
2024-04-29,0.0034372669173975,2.6420119328053095,2.6973511361744364,-0.02051612881503173,0.137674868530527
2024-04-30,-0.0170858483886082,2.5968709174805045,2.6973511361744364,-0.03725144173718509,0.145582198367176
2024-05-01,-0.003492789186513,2.5878005948211587,2.6973511361744364,-0.04061411949081639,0.1439120250787114
2024-05-02,0.0112553216475472,2.616927122875585,2.6973511361744364,-0.029815922821570195,0.1446651279141057
2024-05-03,0.020003802530574,2.669275616278491,2.6973511361744364,-0.01040855212338565,0.1567893631762489
2024-05-06,0.0115128519484657,2.7000065912583553,2.7000065912583553,0.0,0.1601605033499086
2024-05-07,-0.0033605858764474,2.6909329872414576,2.7000065912583553,-0.003360585876447386,0.1599653364586707
2024-05-08,0.002653973642438,2.6980746524631636,2.7000065912583553,-0.0007155311403485021,0.1595471828682716
2024-05-09,0.0040266197156947,2.7089387730531875,2.7089387730531875,0.0,0.159145979164855
2024-05-10,0.0032291937057455,2.717686461088381,2.717686461088381,0.0,0.1593680917008038
2024-05-13,0.002279080056759,2.723880286102371,2.723880286102371,0.0,0.1592737267030141
2024-05-14,0.0079703910966877,2.7455906772831646,2.7455906772831646,0.0,0.1600514507490281
2024-05-15,0.0154026939669072,2.7878801702437506,2.7878801702437506,0.0,0.1653977894054527
2024-05-16,-0.0017070424824215,2.783121140357244,2.7878801702437506,-0.0017070424824214836,0.1619570395975279
2024-05-17,-0.0002605596429697,2.7823959713065713,2.7878801702437506,-0.001967157339011316,0.1597056970709834
2024-05-20,7.916410655856639e-05,2.7826162371977317,2.7878801702437506,-0.0018881489607061042,0.1595524890039911
2024-05-21,0.0071736505676708,2.802577753747315,2.802577753747315,0.0,0.1602732647169244
2024-05-22,-0.004501834768745,2.7899610117733844,2.802577753747315,-0.004501834768744883,0.15963012411916
2024-05-23,0.0044442613039082,2.8023603275374214,2.802577753747315,-7.75807948960594e-05,0.152974604569306
2024-05-24,0.0120560534491294,2.8361457334299325,2.8361457334299325,0.0,0.1444473445891024
2024-05-28,0.0093875492406089,2.8627701911560486,2.8627701911560486,0.0,0.1391909101985631
2024-05-29,-0.0035332882422197,2.85265519889946,2.8627701911560486,-0.0035332882422196565,0.139514113222846
2024-05-30,-0.0091763979745962,2.8264780995100574,2.8627701911560486,-0.012677263357746438,0.1393260906363684
2024-05-31,0.0041396855963781,2.838178830187077,2.8627701911560486,-0.008590057645891935,0.1385128126945389
2024-06-03,0.0102229118524783,2.8671932821896498,2.8671932821896498,0.0,0.1272032458091216
2024-06-04,0.0015636953472283,2.8716766989846136,2.8716766989846136,0.0,0.1261043725613078
2024-06-05,0.0146333770360026,2.9136990268463587,2.9136990268463587,0.0,0.1270736317481433
2024-06-06,-0.0023313656298153,2.906906129079543,2.9136990268463587,-0.002331365629815285,0.1268679361483308
2024-06-07,-0.0018444977559796,2.9015443472476123,2.9136990268463587,-0.004171563187122307,0.127850669806754
2024-06-10,0.0002827114018184,2.9023646469174613,2.9136990268463587,-0.0038900311337801696,0.1241902083741175
2024-06-11,0.0093684519858199,2.929555310757449,2.929555310757449,0.0,0.125438095621182
2024-06-12,0.0129900750408233,2.9676104540804307,2.9676104540804307,0.0,0.1121759245051788
2024-06-13,0.0090098222001004,2.994348096630855,2.994348096630855,0.0,0.1102887960879499
2024-06-14,0.0040902458899538,3.0065957166261903,3.0065957166261903,0.0,0.1086431972166088
2024-06-17,0.004901483666989,3.0213324964244723,3.0213324964244723,0.0,0.0984479669772271
2024-06-18,0.0063215015563052,3.040431854502735,3.040431854502735,0.0,0.0962013509371126
2024-06-20,-0.007441821233773,3.0178055041680567,3.040431854502735,-0.007441821233773016,0.0995767928882482
2024-06-21,-0.0086291374128125,2.9917644457874486,3.040431854502735,-0.016006742148557795,0.1059197948822006
2024-06-24,-0.0081383292982913,2.9674164815447104,3.040431854502735,-0.02401480330825123,0.1111068606200802
2024-06-25,0.0117364805270188,3.0022435072959146,3.040431854502735,-0.012560172052619945,0.1139157377086567
2024-06-26,0.0011838547439361,3.005797727514478,3.040431854502735,-0.011391186727953029,0.1140493246376933
2024-06-27,0.0011349465521895,3.0092091472818994,3.040431854502735,-0.010269168563865838,0.1133422381630279
2024-06-28,-0.0052478905522378,2.993417147028171,3.040431854502735,-0.015463167643418041,0.1095809354168857
2024-07-01,0.0098826413338808,3.023000015054939,3.040431854502735,-0.005733343249242795,0.1109488701328614
2024-07-02,0.0058940441474646,3.040817710601459,3.040817710601459,0.0,0.1109155648566947
2024-07-03,0.011450744247576,3.0756373365090557,3.0756373365090557,0.0,0.1131968953442782
2024-07-05,0.0039309425515827,3.087727490188376,3.087727490188376,0.0,0.1126381920351055
2024-07-08,0.002867668927446,3.09658207036841,3.09658207036841,0.0,0.1102249183042516
2024-07-09,0.0038519387980807,3.108509914986703,3.108509914986703,0.0,0.1101944234635104
2024-07-10,0.0118230732279988,3.1452620553415507,3.1452620553415507,0.0,0.110038918139633
2024-07-11,-0.0147813010921332,3.0987709898878855,3.1452620553415507,-0.014781301092133159,0.1205522298635729
2024-07-12,0.0035562179709233,3.1097908949699002,3.1452620553415507,-0.01127764864978753,0.1191238456186482
2024-07-15,0.005181710176484,3.1259049300971027,3.1452620553415507,-0.006154375980079063,0.1136075633936595
2024-07-16,0.0035112503011307,3.136880764724212,3.1452620553415507,-0.002664735233461668,0.1135859718103334
2024-07-17,-0.0166976467572498,3.0845022377952356,3.1452620553415507,-0.019317887183081472,0.1256234074677917
2024-07-18,-0.0079095395586784,3.0601052453265623,3.1452620553415507,-0.02707463114889519,0.1291667127683353
2024-07-19,-0.008791177035436,3.03320331836783,3.1452620553415507,-0.03562779030873209,0.1273275080336639
2024-07-22,0.0110627970342839,3.0667590310426496,3.1452620553415507,-0.024959136287413863,0.1298354061726204
2024-07-23,0.0001298560027981,3.0671572681119654,3.1452620553415507,-0.024832521378287398,0.1294769967323822
2024-07-24,-0.0271007528403128,2.984034997066494,3.1452620553415507,-0.05126029419432543,0.154354198930257
2024-07-25,-0.0087089194700347,2.9580472765812766,3.1452620553415507,-0.05952279189021148,0.1547001842858327
2024-07-26,0.0104691576927311,2.98901553998236,3.1452620553415507,-0.04967678769209061,0.1530770051977693
2024-07-29,-0.0017102776792396,2.983903493421428,3.1452620553415507,-0.05130210427016402,0.1509051366810467
2024-07-30,-0.0080620454235525,2.9598471279179672,3.1452620553415507,-0.05895054979876668,0.1520976096598989
2024-07-31,0.0242648640198705,3.0316674159965014,3.1452620553415507,-0.03611611285365979,0.1676107694533253
2024-08-01,-0.0186939631269236,2.974993537108767,3.1452620553415507,-0.05413492269860931,0.1751415097026588
2024-08-02,-0.0118939071385381,2.939609240240644,3.1452620553415507,-0.06538495409361822,0.1771025619455268
2024-08-05,-0.0314187724417603,2.8472503264538274,3.1452620553415507,-0.09474941154159622,0.1970359445170093
2024-08-06,0.0088989440803147,2.8725878478915976,3.1452620553415507,-0.08669363717623291,0.1982870932894624
2024-08-07,-0.0083154489101576,2.8487009904025156,3.1452620553415507,-0.0942881895756158,0.1955877628765103
2024-08-08,0.021605614315395,2.9102489253010364,3.1452620553415507,-0.07471972951868833,0.206814598277245
2024-08-09,0.0063789936102109,2.928813384599655,3.1452620553415507,-0.0688173725856337,0.2078395813676885
2024-08-12,0.0099433540979162,2.957935613169446,3.1452620553415507,-0.05955829399142476,0.2096819415734786
2024-08-13,0.0201326270266316,3.017486627638177,3.1452620553415507,-0.04062473188406501,0.2160213122220756
2024-08-14,0.0059448309035914,3.0354250753933343,3.1452620553415507,-0.03492140814202804,0.2160333439873394
2024-08-15,0.0137447812509527,3.0771463290582726,3.1452620553415507,-0.021656614006962727,0.2171863602243351
2024-08-16,0.0068289533235094,3.0981600177090196,3.1452620553415507,-0.014975552689652116,0.2177912957723444
2024-08-19,0.0107644120830121,3.131509888838752,3.1452620553415507,-0.004372343626962261,0.2198236900588509
2024-08-20,-0.0014065976696143,3.127105114326737,3.1452620553415507,-0.005772791168220048,0.2196483176085927
2024-08-21,0.0018382509389917,3.132853518239474,3.1452620553415507,-0.003945152068014046,0.2169834201056281
2024-08-22,-0.0121741636165179,3.094713646921843,3.1452620553415507,-0.016071286757763925,0.2155713795636156
2024-08-23,0.0139140260877825,3.13777357333933,3.1452620553415507,-0.0023808769731931134,0.2190984396956416
2024-08-26,-0.004157831908513,3.124727238254411,3.1452620553415507,-0.006528809595456653,0.2189959745158162
2024-08-27,0.0039339755344418,3.137019838761508,3.1452620553415507,-0.0026205182382323944,0.219056952000847
2024-08-28,-0.0065623588111713,3.116433588981792,3.1452620553415507,-0.009165680268453213,0.214222104699108
2024-08-29,-0.0056388721219021,3.0988604184971233,3.1452620553415507,-0.014752868291411203,0.2135538676953372
2024-08-30,0.0050931614234909,3.1146434148373956,3.1452620553415507,-0.009734845607588083,0.2120868400171915
2024-09-03,-0.0270524515518667,3.0303846747561662,3.1452620553415507,-0.03652394572029061,0.2247188907220755
2024-09-04,-0.0036967985059962,3.0191819532179336,3.1452620553415507,-0.040085722558314996,0.2249288167848488
2024-09-05,0.0020141224984686,3.0252629555168804,3.1452620553415507,-0.038152337615518395,0.2102785899665934
2024-09-06,-0.0173173473292763,2.972873426153802,3.1452620553415507,-0.05480898766288289,0.2149969122422972
2024-09-09,0.0130349061033607,3.0116245521208933,3.1452620553415507,-0.042488511567328024,0.2161814060078516
2024-09-10,-0.0008833091062489,3.008964356729402,3.1452620553415507,-0.043334290184398494,0.2161264935798167
2024-09-11,0.0201958100608406,3.069732829357749,3.1452620553415507,-0.024013651217243304,0.2219859075151363
2024-09-12,0.0068707124118471,3.090824080809471,3.1452620553415507,-0.01730792969686845,0.2118494740738443
2024-09-13,0.0016821242342839,3.0960232308997093,3.1452620553415507,-0.015654919550572854,0.203688465369288
2024-09-16,-0.0030248462077413,3.086658236770643,3.1452620553415507,-0.018632412034279233,0.2002475673065979
2024-09-17,0.0001704901218469,3.0871844815095297,3.1452620553415507,-0.0184650985546303,0.1740573884507122
2024-09-18,-0.0055152503230176,3.0701578863006693,3.1452620553415507,-0.023878509236879952,0.1746511990974457
2024-09-19,0.0210252609820187,3.134708757116144,3.1452620553415507,-0.0033553001434282193,0.1798123612540063
2024-09-20,-0.0030109648559199,3.125270259214923,3.1452620553415507,-0.006356162308535196,0.1719664516491227
2024-09-23,-0.0006773189303553,3.1231534545058803,3.1452620553415507,-0.0070291760898344435,0.1717763782955679
2024-09-24,0.0070975808596286,3.145320288686264,3.145320288686264,0.0,0.1708572677798321
2024-09-25,0.001241045762934,3.1492237751036085,3.1492237751036085,0.0,0.1620845925702392
2024-09-26,0.0023721806005991,3.156694302649855,3.156694302649855,0.0,0.16155851304339
2024-09-27,-0.0042074222814179,3.1434127567052608,3.156694302649855,-0.004207422281417905,0.1579344909411318
2024-09-30,0.0040604402700397,3.1561763964479432,3.156694302649855,-0.00016406599824281276,0.1572119652852772
2024-10-01,-0.015943415261553,3.105856165520662,3.156694302649855,-0.01610486548745549,0.1613075322788066
2024-10-02,0.0009236057293863,3.108724752069786,3.156694302649855,-0.015196134304104492,0.1613004811142155
2024-10-03,0.001234461682238,3.1125623536568408,3.156694302649855,-0.013980431667383164,0.1612454054454661
2024-10-04,0.0088175287041432,3.1400074615536453,3.156694302649855,-0.005286175820763517,0.1591255568526363
2024-10-07,-0.0054744690906205,3.122817587761052,3.156694302649855,-0.010731705905245748,0.1548218393612481
2024-10-08,0.0119210894911197,3.160044975689194,3.160044975689194,0.0,0.1581493822855053
2024-10-09,0.0054011040649148,3.177112707452703,3.177112707452703,0.0,0.1584892266017449
2024-10-10,0.0011185997909655,3.1806666250631332,3.1806666250631332,0.0,0.1570841711971248
2024-10-11,0.0077312217773687,3.205257064141371,3.205257064141371,0.0,0.157154873109751
2024-10-14,0.0081276688877476,3.231308332258826,3.231308332258826,0.0,0.1580560741417432
2024-10-15,-0.0048936148003505,3.215495553979588,3.231308332258826,-0.004893614800350554,0.1348976052331354
2024-10-16,0.005063730454685,3.231777956743179,3.231777956743179,0.0,0.134062236455639
2024-10-17,0.0013479494584753,3.236134230089884,3.236134230089884,0.0,0.1340887054589488
2024-10-18,0.0060726467334144,3.25578613005113,3.25578613005113,0.0,0.12086264341228
2024-10-21,0.0037007394653131,3.267834946273229,3.267834946273229,0.0,0.1171406406627881
2024-10-22,0.004431827460537,3.282317426924625,3.282317426924625,0.0,0.1167196406047798
2024-10-23,-0.0122528487043481,3.2420996880928725,3.282317426924625,-0.012252848704348063,0.1128291725327444
2024-10-24,0.003732849801247,3.254201959269193,3.282317426924625,-0.00856573694695173,0.1119784394824544
2024-10-25,0.0007566421358523,3.256664225590149,3.282317426924625,-0.007815576008598168,0.1120148928164408
2024-10-28,0.0021658056483303,3.2637175273646473,3.282317426924625,-0.005666697378932328,0.1111142662971154
2024-10-29,0.0026734644920311,3.2724429602860767,3.282317426924625,-0.003008382601130677,0.1110154933194682
2024-10-30,-0.0028634693473875,3.2630724201782235,3.282317426924625,-0.005863237537154675,0.1097206943962398
2024-10-31,-0.0258659810832332,3.1786698506846736,3.282317426924625,-0.03157756022916536,0.1226787344563775
2024-11-01,0.0021882532449527,3.1856255853000675,3.282317426924625,-0.029458406682851823,0.122313070646138
2024-11-04,-0.0014458132197001,3.181019765715826,3.282317426924625,-0.03086162854873853,0.122406695629164
2024-11-05,0.0106724815379494,3.21496914043728,3.282317426924625,-0.020518517171706607,0.1244664062137123
2024-11-06,0.0253123388532933,3.2963475287229094,3.2963475287229094,0.0,0.1433882855386109
2024-11-07,0.0063712247472501,3.3173492996734453,3.3173492996734453,0.0,0.1440513757888691
2024-11-08,-0.0006163629815387,3.3153046083682933,3.3173492996734453,-0.0006163629815386651,0.1431457028926638
2024-11-11,-0.0070014238377939,3.2920927556537154,3.3173492996734453,-0.007613471400860994,0.1452136450207102
2024-11-12,0.0021157678972211,3.2990580598208012,3.3173492996734453,-0.005513811842016381,0.1355303028578643
2024-11-13,-0.0015361913404541,3.293990075397649,3.3173492996734453,-0.007041532912465898,0.135894789919066
2024-11-14,0.002637935106615,3.302679407458382,3.3173492996734453,-0.004422172912725064,0.1358899346782717
2024-11-15,-0.012051035613898,3.2628787002978137,3.3173492996734453,-0.016419916763360964,0.1402020831865262
2024-11-18,0.0030825408229238,3.2729366570917304,3.3173492996734453,-0.013387991004169097,0.1387859514187065
2024-11-19,0.009194764817756,3.3030305399171014,3.3173492996734453,-0.004316325615078664,0.1372410384251195
2024-11-20,-0.0026096087276553,3.294410922592422,3.3173492996734453,-0.006914670421737434,0.1372325005912523
2024-11-21,0.0041497049133043,3.308081755784347,3.3173492996734453,-0.002793659350256106,0.1374891094425858
2024-11-22,0.0018465655044141,3.3141903454403603,3.3173492996734453,-0.0009522525208291999,0.1361659304893902
2024-11-25,-0.0022933717116124,3.3065896750552284,3.3173492996734453,-0.0032434403634480358,0.1348692222001336
2024-11-26,0.0063564740197587,3.3276079264187195,3.3276079264187195,0.0,0.1346813643244398
2024-11-27,-0.0033652183799209,3.316409799063565,3.3276079264187195,-0.0033652183799208757,0.1347836654638484
2024-11-29,0.0080192712942077,3.3430049889650246,3.3430049889650246,0.0,0.1363553482694772
2024-12-02,0.0021434566982444,3.350170575400886,3.350170575400886,0.0,0.1355884199868541
2024-12-03,0.0023161192982996,3.3579299701231675,3.3579299701231675,0.0,0.1354069934330841
2024-12-04,0.0093549673503631,3.3893432953584752,3.3893432953584752,0.0,0.1372487596002164
2024-12-05,0.0021443248511104,3.3966111484156567,3.3966111484156567,0.0,0.1312849108064888
2024-12-06,-0.0007973200323489,3.3939029623049253,3.3966111484156567,-0.0007973200323488916,0.1312977881315709
2024-12-09,-0.003691368959214,3.3813748142592885,3.3966111484156567,-0.004485745789144846,0.1321278059619156
2024-12-10,-0.0046864098848299,3.365528305905429,3.3966111484156567,-0.009151133630567743,0.1332197440819357
2024-12-11,0.0078167330172633,3.3918357421347345,3.3966111484156567,-0.0014059325816997426,0.1345884836327985
2024-12-12,-0.0059797363842121,3.3715534585382203,3.3966111484156567,-0.007377261859699336,0.135710458754317
2024-12-13,-0.0072934953509358,3.34696304906294,3.3966111484156567,-0.014616951185558835,0.1122603120324566
2024-12-16,0.0018639475443981,3.353201612619432,3.3966111484156567,-0.0127802488714297,0.1122531242268194
2024-12-17,-0.0011466734840343,3.34935658524362,3.3966111484156567,-0.013912267582963822,0.1121828073729016
2024-12-18,-0.0247077746880294,3.266601437385553,3.3966111484156567,-0.03827630109815372,0.1327027363426642
2024-12-19,0.0032413319251882,3.2771895769114168,3.3966111484156567,-0.035159035369693115,0.1104959189674314
2024-12-20,0.0142917331141243,3.3240262957090247,3.3966111484156567,-0.021369785805622432,0.1167768481647172
2024-12-23,0.0058387634078014,3.3434344988109803,3.3966111484156567,-0.015655795521215432,0.1179289301472194
2024-12-24,0.0090300679705066,3.3736259395901804,3.3966111484156567,-0.006767100448397678,0.1184459550877648
2024-12-26,0.0008948769185891,3.376644919575473,3.3966111484156567,-0.005878279251805729,0.118384781810611
2024-12-27,-0.0125392089707955,3.334304463308741,3.3966111484156567,-0.018343779250674097,0.1244149061050818
2024-12-30,-0.0063981950871695,3.3129709328724717,3.3966111484156567,-0.024624607259561837,0.1257738235712441
2024-12-31,-0.0061206841858395,3.292693284075493,3.3966111484156567,-0.03059457200116522,0.121895847711559
2025-01-02,0.0008393514997257,3.295457011121619,3.3966111484156567,-0.029780900101332164,0.1216290718725524
2025-01-03,0.0115331642800876,3.333464058208851,3.3966111484156567,-0.018591203834522174,0.1232995838678108
2025-01-06,0.0076058918329794,3.3588180252647115,3.3966111484156567,-0.011126714686953143,0.1247260598594293
2025-01-07,-0.0143351736817779,3.3106687855070556,3.3966111484156567,-0.025302384981185977,0.1315701825661337
2025-01-08,0.0019762846462865,3.3172116093967934,3.3966111484156567,-0.023376105049852103,0.1315860300149905
2025-01-10,-0.0148655777092276,3.2678993424393536,3.3966111484156567,-0.03789418345292206,0.1384110181598414
2025-01-13,-0.0031457343494241,3.257619399227382,3.3966111484156567,-0.04092071276781484,0.1371410291753609
2025-01-14,-0.0002797007400114,3.2567082406707426,3.3966111484156567,-0.04118896795418325,0.1369058650768827
2025-01-15,0.0209596059591365,3.3249675621190744,3.3966111484156567,-0.02109266653322983,0.1485978367857421
2025-01-16,-0.0078380176642631,3.2989064076340835,3.3966111484156567,-0.028765359504619004,0.1500748526635917
2025-01-17,0.0118859687097436,3.338117105971595,3.3966111484156567,-0.017221294957871836,0.1541273165248887
2025-01-21,0.0049395743024143,3.354605983446702,3.3966111484156567,-0.012366786521485595,0.1522809667088651
2025-01-22,0.0146507130361212,3.4037533530594355,3.4037533530594355,0.0,0.1582224692039073
2025-01-23,0.0021583651094551,3.4110998955378693,3.4110998955378693,0.0,0.1583057478770107
2025-01-24,-0.0063057191146456,3.3895904577246103,3.4110998955378693,-0.006305719114645614,0.1590461700975844
2025-01-27,-0.0260108679477561,3.3014242679317616,3.4110998955378693,-0.03215256983519499,0.1757846000031104
2025-01-28,0.0264774418748364,3.388837537090099,3.4110998955378693,-0.006526445759296617,0.1911775925003966
2025-01-29,-0.008891852356584,3.3587044940498445,3.4110998955378693,-0.015360265923775596,0.1921582792722849
2025-01-30,-0.005337263082699,3.340778204548057,3.4110998955378693,-0.020615547226219166,0.1916008945524248
2025-01-31,-0.0085332987058715,3.3122703462185834,3.4110998955378693,-0.028972927309624308,0.193090005003345
2025-02-03,-0.0111074711586915,3.2754793988781716,3.4110998955378693,-0.039758582513841234,0.1955945053623716
2025-02-04,0.0095071573994338,3.3066198970819096,3.4110998955378693,-0.03062941621634485,0.1838396281183049
2025-02-05,0.0124118070425281,3.3476610252074743,3.4110998955378693,-0.018597775577719244,0.1869358171484655
2025-02-06,0.010002780057077,3.3811469421482734,3.4110998955378693,-0.008781024979297114,0.1846404578982893
2025-02-07,-0.0073264764423131,3.356375048728625,3.4110998955378693,-0.01604316744896006,0.185356474848105
2025-02-10,0.0055522604976567,3.3750105173270017,3.4110998955378693,-0.010579982796187437,0.1841862893102225
2025-02-11,0.003458720073502,3.3866837339515605,3.4110998955378693,-0.007157855921560152,0.1844347401432056
2025-02-12,-0.0016550925024682,3.3810784590952663,3.4110998955378693,-0.008801101510358733,0.1805777602263024
2025-02-13,0.0134817285452557,3.4266612410710002,3.4266612410710002,0.0,0.1831269393920042
2025-02-14,0.0042623251980604,3.4412667856240344,3.4412667856240344,0.0,0.1819942774095122
2025-02-18,0.0038464296421097,3.4545033761946664,3.4545033761946664,0.0,0.1821029448483988
2025-02-19,0.0022171927746042,3.462162676120211,3.462162676120211,0.0,0.179688850924578
2025-02-20,-0.004764124433694,3.4456685023214835,3.462162676120211,-0.004764124433694006,0.1795083106491317
2025-02-21,-0.0128505300452069,3.401389835706578,3.462162676120211,-0.017553432954726556,0.1784609544127553
2025-02-24,-0.0069539549816717,3.3777367239139586,3.462162676120211,-0.02438532215385747,0.1798912810098172
2025-02-25,-0.0093540016890036,3.3461413688934583,3.462162676120211,-0.03351122349824687,0.1764324849813715
2025-02-26,0.0037964151325576,3.3588447106220025,3.462162676120211,-0.029842030881688464,0.1762138793252484
2025-02-27,-0.0226011356466494,3.2829310057012036,3.462162676120211,-0.051768702740409456,0.1891139160520301
2025-02-28,0.0174929422456389,3.340359128180352,3.462162676120211,-0.03518134742194012,0.1860711802281749
2025-03-03,-0.0226185521342624,3.2648050410924454,3.462162676120211,-0.057004148415385814,0.1962844709910071
2025-03-04,-0.0074365004656942,3.2405263168839604,3.462162676120211,-0.06401673750484249,0.1938579942187439
2025-03-05,0.0086899821691051,3.2686864327961977,3.462162676120211,-0.055883059643178856,0.1951429217533563
2025-03-06,-0.0177767319631873,3.2105798702086727,3.462162676120211,-0.07266637343380655,0.195476484948399
2025-03-07,0.0021674075297131,3.2175385051941086,3.462162676120211,-0.07065646354903077,0.1954781068883879
2025-03-10,-0.0312754981901478,3.1169083854981796,3.462162676120211,-0.09972214564132853,0.2130095437153708
2025-03-11,-0.0049613307751313,3.101444372001943,3.462162676120211,-0.10418872186632733,0.2014169838244996
2025-03-12,0.0082183409054939,3.1269330991504805,3.462162676120211,-0.09682663939563851,0.1852881976835005
2025-03-13,-0.008810103709282,3.099384494254978,3.462162676120211,-0.10478369037002377,0.1852642688255445
2025-03-14,0.0229771253004733,3.170599440133819,3.462162676120211,-0.08421419305262845,0.1992847500025682
2025-03-17,0.0013182782741852,3.174779172491891,3.462162676120211,-0.08300693251952262,0.1983775963647039
2025-03-18,-0.0082906463639471,3.148458201089136,3.462162676120211,-0.09060939776019428,0.1973372257260426
2025-03-19,0.0119460747228937,3.1860699180212544,3.462162676120211,-0.07974574967354031,0.1986141669829954
2025-03-20,-0.0005877147403718,3.1841974177665784,3.462162676120211,-0.08028659666134685,0.1944238686103891
2025-03-21,0.0038984706134988,3.19661091782732,3.462162676120211,-0.07670112098559023,0.1920502757043232
2025-03-24,0.0132191738511786,3.2388674732846554,3.462162676120211,-0.06449587258730027,0.1960996776020538
2025-03-25,0.004722560100239,3.254163219583951,3.462162676120211,-0.06007789812157227,0.1958692271501792
2025-03-26,-0.0152585992864295,3.2045092470036822,3.462162676120211,-0.07441979283459377,0.1995279692428327
2025-03-27,-0.002487760804937,3.1965371944999283,3.462162676120211,-0.07672241499580534,0.1995385898349469
2025-03-28,-0.015969253512335,3.145490881679351,3.462162676120211,-0.0914664688129937,0.1982008764671322
2025-03-31,0.0050766881775395,3.1614595580509306,3.462162676120211,-0.08685412737631848,0.1984659808138734
2025-04-01,0.0061134273590956,3.1807869114077936,3.462162676120211,-0.0812716764157756,0.1992277295654228
2025-04-02,0.0035534912716425,3.1920898099344357,3.462162676120211,-0.07800698333690836,0.1995500457255326
2025-04-03,-0.0495761276179029,3.033838358149319,3.462162676120211,-0.12371582679381299,0.2415634294647404
2025-04-04,-0.0514891956003806,2.877628461506631,3.462162676120211,-0.16883499398954416,0.2770485590482116
2025-04-07,-0.0035921194565922,2.8672916763212095,3.462162676120211,-0.17182063797927294,0.2770569406730108
2025-04-08,-0.0136907097529813,2.8280364182035567,3.462162676120211,-0.1831590012481079,0.2778926727638307
2025-04-09,0.1036526799987685,3.1211699720844734,3.462162676120211,-0.09849124259460362,0.4207303697135207
2025-04-10,-0.0324452666416402,3.019902780106312,3.462162676120211,-0.12774093460839542,0.4258325282973776
2025-04-11,0.0255920064261539,3.097188151461153,3.462162676120211,-0.10541807500162237,0.4297558776415439
2025-04-14,0.0039068367104481,3.109288359830446,3.462162676120211,-0.1019230894965355,0.4256453896896127
2025-04-15,0.0002340048242608,3.1100159483066645,3.462162676120211,-0.10171293516692037,0.4252627198298346
2025-04-16,-0.024536766336335,3.0337062136807886,3.462162676120211,-0.12375399497968187,0.4295448394940152
2025-04-17,-0.0032619301812202,3.0238104758214277,3.462162676120211,-0.12661224826963136,0.4270053722417284
2025-04-21,-0.0185456042229973,2.9677320834914904,3.462162676120211,-0.14280975184643618,0.4296063439235301
2025-04-22,0.0200560595863122,3.0272530949942063,3.462162676120211,-0.12561789315266259,0.4253068245340452
2025-04-23,0.0175803645536742,3.0804733080004434,3.462162676120211,-0.11024593695507645,0.4283209916179338
2025-04-24,0.0224294965517045,3.149566773439857,3.462162676120211,-0.09028920126614526,0.4326153794933174
2025-04-25,0.009301445091048,3.1788622958435973,3.462162676120211,-0.08182757622298886,0.4323798118240318
2025-04-28,-0.0008012948966531,3.176315089708775,3.462162676120211,-0.08256330310040905,0.4274344464990498
2025-04-29,0.0042561099980968,3.1898338361191905,3.462162676120211,-0.07865859160211364,0.427573940241747
2025-04-30,-0.0002352229298283,3.189083514058593,3.462162676120211,-0.07887531222756916,0.4267714274002613
2025-05-01,0.0159464778197891,3.2399381635809834,3.462162676120211,-0.064186617824746,0.4278380255942854
2025-05-02,0.0072393171973502,3.2633931036469463,3.462162676120211,-0.057411967913654216,0.428202439482825
2025-05-05,-0.0039918429262043,3.2503661509707293,3.462162676120211,-0.06117463128186296,0.428375037233303
2025-05-06,-0.0021418528736111,3.2434043448899845,3.462162676120211,-0.0631854570956708,0.4268471104869893
2025-05-07,0.0028051857539517,3.252502696552575,3.462162676120211,-0.0605575182858209,0.4267140670124942
2025-05-08,0.003776644456608,3.264786242831613,3.462162676120211,-0.05700957804495288,0.4242328705508681
2025-05-09,0.0004508503578727,3.2662581728775715,3.462162676120211,-0.05658443047574391,0.4241109070947867
2025-05-12,0.0282285554373005,3.3584599227831817,3.462162676120211,-0.029953171771016085,0.428019964868166
2025-05-13,0.0129821737081072,3.4020600328924697,3.462162676120211,-0.017359855341948838,0.4290407846412379
2025-05-14,0.0060802991132864,3.422745575493813,3.462162676120211,-0.011385109341704891,0.4290385676363814
2025-05-15,0.0036483931448674,3.43523309698807,3.462162676120211,-0.007778253551713354,0.429040119218658
2025-05-16,0.0012413341141448,3.4394973690214004,3.462162676120211,-0.006546574849050746,0.3993929199838861
2025-05-19,-0.0003389246383784,3.4383316386194016,3.462162676120211,-0.006883280691915683,0.362945834486338
2025-05-20,-0.0020026504356178,3.431445862265522,3.462162676120211,-0.008872146322457364,0.3626024874652843
2025-05-21,-0.015133092783678,3.37951747364969,3.462162676120211,-0.02387097609264721,0.3633150643544567
2025-05-22,0.0008935348225108,3.3825371901956798,3.462162676120211,-0.02299877081852253,0.216001147645633
2025-05-23,-0.006804723587305,3.359519959592619,3.462162676120211,-0.029646994127559667,0.1910099945764929
2025-05-27,0.0186006639453054,3.422009261378547,3.462162676120211,-0.0115977839570095,0.185004680437557
2025-05-28,-0.0045238106861,3.4065287393139894,3.462162676120211,-0.016069128464109794,0.1864104141810192
2025-05-29,0.0077631145102911,3.4329740119998813,3.462162676120211,-0.008430760438166152,0.1866764859944078
2025-05-30,-0.0040911746948147,3.418929115594031,3.462162676120211,-0.012487443419218147,0.1686564816793162
2025-06-02,0.0068859614694894,3.442471729750927,3.462162676120211,-0.0056874700039658554,0.1673948124478105
2025-06-03,0.0066764154977269,3.4654551013579225,3.4654551013579225,0.0,0.1526865087911331
2025-06-04,0.0017620080570915,3.471561261168004,3.471561261168004,0.0,0.1463193587729419
2025-06-05,-0.0051182841908544,3.4537928240473854,3.471561261168004,-0.005118284190854361,0.143607288651986
2025-06-06,0.0067837281866305,3.477222415778658,3.477222415778658,0.0,0.132777534449578
2025-06-09,0.0012297116057441,3.481498396539094,3.481498396539094,0.0,0.1316836958810879
2025-06-10,0.0044507632813174,3.4969937217663754,3.4969937217663754,0.0,0.1312213402311263
2025-06-11,-0.0034824354159364,3.484815666980389,3.4969937217663754,-0.0034824354159364024,0.1326120434653499
2025-06-12,0.0078624705645579,3.512214927584932,3.512214927584932,0.0,0.1329790540013662
2025-06-13,-0.0101594147434823,3.476532879467347,3.512214927584932,-0.010159414743482365,0.1328550282341852
2025-06-16,0.0082301842525791,3.505145385625513,3.512214927584932,-0.0020128443461403522,0.1332001757725454
2025-06-17,-0.0039436965070643,3.4913221560114693,3.512214927584932,-0.005948602805987524,0.1331801118343395
2025-06-18,0.0049023027947175,3.5084376743741434,3.512214927584932,-0.001075461863430438,0.1326470084126743
2025-06-20,0.0006781055125348,3.5108167653015214,3.512214927584932,-0.00039808562751375565,0.1327693110171816
2025-06-23,0.0077981650793449,3.538194694000674,3.538194694000674,0.0,0.1335921945996065
2025-06-24,0.0072313852346847,3.563780742868311,3.563780742868311,0.0,0.1340368060099384
2025-06-25,0.0101406134033075,3.5999196656358903,3.5999196656358903,0.0,0.1129862348733225
2025-06-26,0.0062852292529545,3.622545986026631,3.622545986026631,0.0,0.1091062072340064
2025-06-27,-6.137194445225485e-05,3.6223236633356013,3.622545986026631,-6.137194445221539e-05,0.1086190938826628
2025-06-30,0.0083254919441369,3.652481289813758,3.652481289813758,0.0,0.1101039571575336
2025-07-01,-0.0027975426201423,3.642263317736232,3.652481289813758,-0.0027975426201423126,0.1109866208457013
2025-07-02,0.0085522583398938,3.6734128945714306,3.6734128945714306,0.0,0.1123865694268808
2025-07-03,0.0081293178714494,3.703275235664483,3.703275235664483,0.0,0.1129050300090781
2025-07-07,-0.0083130921813721,3.672489567257412,3.703275235664483,-0.008313092181372106,0.1050718421307562
2025-07-08,-0.0046231900410793,3.6555109500641,3.703275235664483,-0.012897849217467838,0.1071361794063673
2025-07-09,0.0084823479751129,3.686518265969379,3.703275235664483,-0.00452490528754812,0.1045910641126576
2025-07-10,0.0049412599719959,3.704734311113045,3.704734311113045,0.0,0.0939788872792202
2025-07-11,-0.0013975289195374,3.699556837774062,3.704734311113045,-0.001397528919537372,0.0923225762512508
2025-07-14,-0.001898331722706,3.6925338516689616,3.704734311113045,-0.003293207668761955,0.0920287071230563
2025-07-15,0.0041605426512751,3.707896796250108,3.707896796250108,0.0,0.0900186920980156
2025-07-16,0.0022091411873891,3.716088063781292,3.716088063781292,0.0,0.0891560057500867
2025-07-17,0.0062548317522699,3.7393315693968625,3.7393315693968625,0.0,0.0889954144568098
2025-07-18,0.0008084130465035,3.7423544938227655,3.7423544938227655,0.0,0.0891119803600955
2025-07-21,0.0026835959025532,3.7523974610082904,3.7523974610082904,0.0,0.0861178564098696
2025-07-22,-0.0020416428425742,3.744736405589529,3.7523974610082904,-0.0020416428425742428,0.0863526119028383
2025-07-23,0.0060208200555826,3.7672827896431733,3.7672827896431733,0.0,0.0868609593517124
2025-07-24,0.0029861346201862,3.7785324032053587,3.7785324032053587,0.0,0.0867003351212203
2025-07-25,0.002303551550809,3.7872364473825444,3.7872364473825444,0.0,0.0847741209507731
2025-07-28,0.0010594057822798,3.791248667573762,3.791248667573762,0.0,0.0835217634501429
2025-07-29,-0.002167463318354,3.7830312751560373,3.791248667573762,-0.002167463318354046,0.0757961991122631
2025-07-30,0.0006467342820575,3.7854778911717766,3.791248667573762,-0.0015221308091295516,0.0742737597277359
2025-07-31,0.0019626246411286,3.792907363359438,3.792907363359438,0.0,0.0716947036361823
2025-08-01,-0.0131954928904475,3.7428580812121024,3.792907363359438,-0.013195492890447524,0.084984802350473
2025-08-04,0.015871694608607,3.802263581640458,3.802263581640458,0.0,0.0936323072208226
2025-08-05,-0.0060767949489749,3.779158005512874,3.802263581640458,-0.006076794948974951,0.0956536059499783
2025-08-06,0.0085455477604012,3.8114529807430872,3.8114529807430872,0.0,0.0963258255314583
2025-08-07,0.0029611424844333,3.8227392360917856,3.8227392360917856,0.0,0.093425538877433
2025-08-08,0.0103559096724964,3.8623271783222597,3.8623271783222597,0.0,0.0957560843953466
2025-08-11,-0.003156466447158,3.8501358721759393,3.8623271783222597,-0.0031564664471579462,0.0967935179430552
2025-08-12,0.0079239096195822,3.880644000850173,3.880644000850173,0.0,0.0965741341862727
2025-08-13,-0.0007072573989063,3.8778993866680502,3.880644000850173,-0.0007072573989063136,0.0958516494525597
2025-08-14,0.0010665364031275,3.8820353075315976,3.8820353075315976,0.0,0.0939151028091398
2025-08-15,-0.0057174181380566,3.8598400884517403,3.8820353075315976,-0.005717418138056596,0.0944556768526472
2025-08-18,6.114084674879673e-06,3.859863687840872,3.8820353075315976,-0.005711339010160521,0.0899952038074815
2025-08-19,-0.0090899140820491,3.8247778585499774,3.8820353075315976,-0.014749337511313798,0.0935718880431836
2025-08-20,-0.0028414338884935,3.813910005126734,3.8820353075315976,-0.017548862132369725,0.0919997378721462
2025-08-21,-0.0033287364696648,3.801214503800649,3.8820353075315976,-0.020819183064653468,0.0921598677947325
2025-08-22,0.0127147060573789,3.8495458288775195,3.8820353075315976,-0.008369186800296413,0.0980271604210859
2025-08-25,-0.0018269669495351,3.8425128358774394,3.8820353075315976,-0.010180863522152972,0.098006864941283
2025-08-26,0.0057670370417159,3.8646727497352136,3.8820353075315976,-0.004472539897485861,0.0985169777988298
2025-08-27,0.0029349060611915,3.8760152012129327,3.8820353075315976,-0.0015507603207485232,0.0985912072691312
2025-08-28,0.0040295128581208,3.8916336543044916,3.8916336543044916,0.0,0.0978519211613909
2025-08-29,-0.0068903199044738,3.8648190534753173,3.8916336543044916,-0.006890319904473752,0.1007240211645006
2025-09-02,-0.0056744175880713,3.8428884562635637,3.8916336543044916,-0.012525638940091732,0.1024750018537657
2025-09-03,0.0085110404858762,3.875595435497529,3.8916336543044916,-0.004121204674346179,0.1044638127987149
2025-09-04,0.0066664724772298,3.9014319858011506,3.9014319858011506,0.0,0.104740919870655
2025-09-05,-0.0103213929295838,3.8611637732876507,3.9014319858011506,-0.010321392929583784,0.1097376702538466
2025-09-08,0.0032090899292193,3.8735545950675743,3.9014319858011506,-0.0071454252784703964,0.1098807591000285
2025-09-09,0.00221769585979,3.882144961055726,3.9014319858011506,-0.004943575798736943,0.1099581009992818
2025-09-10,0.0043858509926579,3.8991714703868143,3.9014319858011506,-0.00057940659290312,0.1100547751999921
2025-09-11,0.00689492037269,3.926055947194596,3.926055947194596,0.0,0.1113471550495069
2025-09-12,0.0062076311853635,3.9504274545278832,3.9504274545278832,0.0,0.1122625232523891
2025-09-15,0.0065438656215273,3.976278520937906,3.976278520937906,0.0,0.1042840334634499
2025-09-16,-0.0030657495535505,3.964088246837548,3.976278520937906,-0.0030657495535505452,0.0966185741185755
2025-09-17,-0.0031517525395102,3.9515944216387355,3.976278520937906,-0.006207839609119747,0.0950079917413769
2025-09-18,0.0042966748084827,3.9685731378435314,3.976278520937906,-0.0019378378687006093,0.0930500988659693
2025-09-19,0.0105705789315872,4.010523253442884,4.010523253442884,0.0,0.0967260159477221
2025-09-22,0.0125511733108303,4.060860025863961,4.060860025863961,0.0,0.0986396746370014
2025-09-23,-0.0065573401187093,4.0342315854999,4.060860025863961,-0.006557340118709232,0.100565600231422
2025-09-24,-0.0038033486341497,4.018887996309346,4.060860025863961,-0.010335748902274844,0.0998759625834828
2025-09-25,0.0019120344163258,4.026572248473648,4.060860025863961,-0.008443476793568605,0.0997327772584292
2025-09-26,0.0037913554097571,4.041838414950676,4.060860025863961,-0.004684133605230012,0.0999958696313641
2025-09-29,0.0062544352546704,4.067117831626825,4.067117831626825,0.0,0.0986386162522387
2025-09-30,0.0061896816984891,4.092291996434843,4.092291996434843,0.0,0.0993069612834852
2025-10-01,0.0003761294288561,4.093831227886175,4.093831227886175,0.0,0.0937820590453631
2025-10-02,-0.0001897764933291,4.093054314951465,4.093831227886175,-0.00018977649332907465,0.0928324860514926
2025-10-03,0.0017989417866596,4.100417481393698,4.100417481393698,0.0,0.091271819171775
2025-10-06,0.0029404799891222,4.1124746769447835,4.1124746769447835,0.0,0.0860551026568743
2025-10-07,-0.0022027922128505,4.103415749750865,4.1124746769447835,-0.0022027922128504684,0.0862153894716863
2025-10-08,0.0056083039347426,4.126428952446077,4.126428952446077,0.0,0.0861596335716374
2025-10-09,-0.0020554634034301,4.11794722874747,4.126428952446077,-0.0020554634034301023,0.0870001978827143
2025-10-10,-0.0208520094359154,4.032079754277026,4.126428952446077,-0.022864612297061937,0.1091183926294576
2025-10-13,0.0155678345519972,4.094850504792069,4.126428952446077,-0.007652730246400896,0.1139460518557116
2025-10-14,-0.008755363147846,4.058998601586474,4.126428952446077,-0.01634109096186709,0.1160685103357798
2025-10-15,0.0049365456192427,4.079036033351648,4.126428952446077,-0.011485213883625889,0.1147410489879768
2025-10-16,-0.001798905502877,4.071698232984819,4.126428952446077,-0.013263458572045805,0.1141995002806947
2025-10-17,0.0032827103028031,4.085064438724142,4.126428952446077,-0.010024288361348055,0.1086877323763043
2025-10-20,0.0149022398930951,4.145941048968761,4.145941048968761,0.0,0.1150081921656451
2025-10-21,-0.0092125669789264,4.1077462893644565,4.145941048968761,-0.009212566978926251,0.1197470444603588
2025-10-22,-0.004828711940498,4.087911165808466,4.145941048968761,-0.01399679408725063,0.1210638167292659
2025-10-23,0.00334698583507,4.101593346575451,4.145941048968761,-0.010696655323726989,0.120149944759873
2025-10-24,0.0104750091311963,4.144557574333283,4.145941048968761,-0.0003336937547200325,0.1222255869954453
2025-10-27,0.0116633109003415,4.192896837867097,4.192896837867097,0.0,0.1248860734204052
2025-10-28,0.0112290898761476,4.2399792533009215,4.2399792533009215,0.0,0.1269025824514337
2025-10-29,0.0035112507690633,4.254866883714887,4.254866883714887,0.0,0.1258913910478048
2025-10-30,-0.0053224481867827,4.232220575184656,4.254866883714887,-0.005322448186782847,0.1277702222809334
2025-10-31,-0.002503952828559,4.2216232945043375,4.254866883714887,-0.0078130738561496,0.1259129004978399
2025-11-03,0.0017449181510814,4.2289896816179455,4.254866883714887,-0.006081788879455652,0.1216754609817828
2025-11-04,-0.0101176518823589,4.186202236205247,4.254866883714887,-0.016137907339110247,0.1241073078507081
2025-11-05,-0.0027241414659535,4.174798429108733,4.254866883714887,-0.01881808686250752,0.1237634215659235
2025-11-06,-0.0091888023853628,4.13643703134493,4.254866883714887,-0.027833973566420145,0.1274135735573369
2025-11-07,0.0002236891821164,4.1373623075613475,4.254866883714887,-0.027616510543085893,0.1271363548801773
2025-11-10,0.0192558599485985,4.21703077671236,4.254866883714887,-0.008892430253773953,0.1371633090570519
2025-11-11,0.0003043986772563,4.21831443530274,4.254866883714887,-0.00859073842052449,0.1363774122635666
2025-11-12,0.0044290441589254,4.236997536212928,4.254866883714887,-0.004199743021421454,0.1367095898031963
2025-11-13,-0.0180255103245747,4.160623493378725,4.254866883714887,-0.022149550834802856,0.1476040676560767
2025-11-14,-0.0008394807186178,4.157130730178605,4.254866883714887,-0.02297043743256877,0.1476140143213946
2025-11-17,-0.0106953186833837,4.112668892210857,4.254866883714887,-0.03342007996731444,0.150908435837012
2025-11-18,-0.0097388583537839,4.072616192413602,4.254866883714887,-0.042833464896124496,0.1534432908973327
2025-11-19,0.0055370506783118,4.09516647466431,4.254866883714887,-0.03753358528367012,0.1534199667903175
2025-11-20,-0.0135217593985969,4.0397926188966995,4.254866883714887,-0.050547824572694466,0.1581460667010847
2025-11-21,0.0014713883915831,4.045736722860547,4.254866883714887,-0.0491508116634074,0.146066526114919
2025-11-24,0.0112103304353745,4.0910907683783435,4.254866883714887,-0.038491478067946505,0.1425748966564329
2025-11-25,0.0022523397654048,4.100305294799843,4.254866883714887,-0.036325834189223194,0.1402457582346967
2025-11-26,0.0099693407189504,4.1411826353354195,4.254866883714887,-0.026718638088205182,0.1424099558056339
2025-11-28,0.0045132962304843,4.159873019313226,4.254866883714887,-0.02232593098628799,0.1426827601641183
2025-12-01,-0.0005148732646132,4.157731211911396,4.254866883714887,-0.02282930922592874,0.1425222130807717
2025-12-02,0.0031923015889514,4.171003943865614,4.254866883714887,-0.019709885677093864,0.1362322186283669
2025-12-03,-0.0034194129646175,4.156741558904489,4.254866883714887,-0.023061902403095913,0.1337526942741948
2025-12-04,0.0039090983490128,4.172990670469676,4.254866883714887,-0.019242955298692133,0.1331638165704172
2025-12-05,-0.0018599042957357,4.165229307195604,4.254866883714887,-0.02106706953920512,0.1331266263922615
2025-12-08,0.0034305757818186,4.17951844198259,4.254866883714887,-0.017708765935941728,0.1300927342595132
2025-12-09,-0.0070984077253497,4.149850515985779,4.254866883714887,-0.024681469620365326,0.127199954456984
2025-12-10,0.0027280414638016,4.161171480261967,4.254866883714887,-0.02202076022907573,0.1228073269239655
2025-12-11,0.003732265426188,4.176702076710188,4.254866883714887,-0.018370682124949078,0.1228732156581445
2025-12-12,-0.0083134336005528,4.1419793413261665,4.254866883714887,-0.02653139227945933,0.1241733868910357
2025-12-15,-0.0017583158627151,4.134696433347274,4.254866883714887,-0.028243057574269592,0.1240974434797831
2025-12-16,-8.335088244176283e-05,4.134351802750927,4.254866883714887,-0.0283240543729395,0.1239020600879191
2025-12-17,-0.0090244282288069,4.0970416416343625,4.254866883714887,-0.03709287420590901,0.1232205259271099
2025-12-18,0.0063427812284986,4.123028280451298,4.254866883714887,-0.030985364963634687,0.1247118366683612
2025-12-19,0.0108872558009072,4.1679167440149465,4.254866883714887,-0.0204354547571709,0.1259653857499059
2025-12-22,0.0065667159224033,4.19528626926112,4.254866883714887,-0.014002932660903133,0.1272740491053034
2025-12-23,0.0095921269938466,4.235527987931414,4.254866883714887,-0.004545123575426135,0.1176104213169983
2025-12-24,0.0030703360595593,4.248532482244032,4.254866883714887,-0.0014887425726757275,0.1179101969600373
2025-12-26,0.0014508648492889,4.254696528683581,4.254866883714887,-4.003768765536986e-05,0.1173106053965312
2025-12-29,-0.0084010981925269,4.218952405366707,4.254866883714887,-0.008440799519636943,0.1072247363917933
2025-12-30,-0.0013603192096448,4.21321328336511,4.254866883714887,-0.009789636547550384,0.1072912999410086
2025-12-31,-0.0061715703500029,4.187211141187255,4.254866883714887,-0.0159007894668991,0.1039499755984208
2026-01-02,0.000340724564231,4.18863782687868,4.254866883714887,-0.015565482692230015,0.0992192083582093
2026-01-05,0.005718406725645,4.212590161599194,4.254866883714887,-0.009936085727500155,0.0992933401130194
2026-01-06,0.0013423571530335,4.218244962135415,4.254866883714887,-0.008607066350216241,0.089294975610308
2026-01-07,-0.0025399699043734,4.207530746882316,4.254866883714887,-0.011125174565095208,0.0900431372948503
2026-01-08,-0.0043193144891801,4.189357098363637,4.254866883714887,-0.015396435926581575,0.086401295285887
2026-01-09,0.0028501962815798,4.201297588387603,4.254866883714887,-0.012590122509429258,0.0865055844542035
2026-01-12,-0.0003343987581125,4.199892679691585,4.254866883714887,-0.012920311146210173,0.0820832384006303
2026-01-13,-0.0075327152510019,4.168256084050701,4.254866883714887,-0.020355701372393287,0.0843365518012067
2026-01-14,-0.0072217339540276,4.13815404755943,4.254866883714887,-0.02743043186666172,0.0869478519237439
2026-01-15,0.0018910000286661,4.14597929698199,4.254866883714887,-0.02559130278544186,0.0865951927831589
2026-01-16,-0.000833393903974,4.1425240631098825,4.254866883714887,-0.02640336905367968,0.0860789799084116
2026-01-20,-0.0197660857016594,4.0606425774572665,4.254866883714887,-0.04564756349981147,0.1023149037878707
2026-01-21,0.0057445398776279,4.083969100672263,4.254866883714887,-0.040165247871024934,0.1040470928878997
2026-01-22,0.0081578724873183,4.117285599837696,4.254866883714887,-0.03233503835425988,0.1065250534625737
2026-01-23,0.0058346365062661,4.141308464705232,4.254866883714887,-0.026689065043207116,0.1061346909920499
2026-01-26,0.0095206216417536,4.180736295699482,4.254866883714887,-0.01742253989170206,0.1094519808962166
2026-01-27,0.0088777489183808,4.217851822826664,4.254866883714887,-0.008699463908000138,0.1118921250376616
2026-01-28,0.0055110622848905,4.241096666930701,4.254866883714887,-0.0032363449105518027,0.1097429942515995
2026-01-29,-0.0104233586143363,4.196890195453215,4.254866883714887,-0.013625969941285843,0.1142858456849956
2026-01-30,-0.0131784915502006,4.141581513475315,4.254866883714887,-0.02662489176175198,0.1209945720300933
2026-02-02,-0.0028503337371112,4.12977662396246,4.254866883714887,-0.02939933567162778,0.1182467034869408
2026-02-03,-0.0006850273417747,4.126947614059624,4.254866883714887,-0.030064223664637346,0.1168681002085232
2026-02-04,-0.0002662268180984,4.125848909927874,4.254866883714887,-0.030322446580130946,0.1122673793043913
2026-02-05,-0.0171715549216995,4.055001668772413,4.254866883714887,-0.046973317945019466,0.1204110027922484
2026-02-06,0.0287537643764085,4.171598231302238,4.254866883714887,-0.019570213284780258,0.1454144869106974
2026-02-09,0.0099980967080066,4.213306273845747,4.254866883714887,-0.009767781461791247,0.148237449035825
2026-02-10,-0.0039608449386732,4.196618021015905,4.254866883714887,-0.013689937732699331,0.1485319737049343
2026-02-11,-0.0039932721507572,4.179859783145217,4.254866883714887,-0.01762854223636301,0.1470144219001041
2026-02-12,-0.0200719602558898,4.095961803702734,4.254866883714887,-0.037346663093115295,0.1578265273327084
2026-02-13,-0.003784745108291,4.080459632302423,4.254866883714887,-0.04099006060095356,0.1572834693106346
2026-02-17,0.0044990891595071,4.098817983999921,4.254866883714887,-0.03667538937874382,0.158008630696106
2026-02-18,0.007427785864182,4.129263126281331,4.254866883714887,-0.029520020453352558,0.1586858229834453
2026-02-19,-0.0027918741847734,4.117734743156929,4.254866883714887,-0.03222947845508828,0.158694508491367
2026-02-20,0.0078899798396753,4.150223587265567,4.254866883714887,-0.024593788550667073,0.1605435514552516
2026-02-23,-0.0078480715464913,4.1176523356187715,4.254866883714887,-0.032248846285013344,0.1616128800465191
2026-02-24,0.006203665001324,4.143196871300869,4.254866883714887,-0.026245242322720852,0.1625112672757729
2026-02-25,0.0122081449165149,4.193777619123362,4.254866883714887,-0.014357503127850668,0.1665791052086195
2026-02-26,-0.0069182609034291,4.164763971383305,4.254866883714887,-0.02117643507871947,0.1663468671362122
2026-02-27,-0.0163142005323411,4.0968191767842885,4.254866883714887,-0.03714515900262627,0.1717873169356043
2026-03-02,0.00603672135585,4.121550532599838,4.254866883714887,-0.03133267262139383,0.1726601527299876
2026-03-03,-0.0055861358984813,4.098526991212277,4.254866883714887,-0.036743779952549405,0.1733740543269992
2026-03-04,0.003708203234007,4.113725162255756,4.254866883714887,-0.03317183012219205,0.1635392101707224
2026-03-05,-0.0046463630105061,4.094611301826463,4.254866883714887,-0.03766406476822748,0.1634077428624252
2026-03-06,-0.010264838480995,4.052580778170758,4.254866883714887,-0.04754228770783886,0.1642718140737763
2026-03-09,0.0082928251661247,4.0861881220357255,4.254866883714887,-0.03964372242167291,0.1652440520765305
2026-03-10,7.826536553000047e-05,4.086507929042721,4.254866883714887,-0.039568559786569146,0.162565297954677
2026-03-11,-0.0018157730576359,4.0790877580453495,4.254866883714887,-0.041312485319415226,0.1600198968239048
2026-03-12,-0.013966462216102,4.022117332996445,4.254866883714887,-0.05470195827025026,0.1629936120330794
2026-03-13,-0.0106586617096814,3.97924694498739,4.254866883714887,-0.06477757031187203,0.1631042484208234
2026-03-16,0.0099194380664807,4.018718838609424,4.254866883714887,-0.05550068934219721,0.162744595582791
2026-03-17,0.0005099362941299,4.020768129201135,4.254866883714887,-0.05501905486391212,0.1626955021221797
2026-03-18,-0.012724742316812,3.9696048908414,4.254866883714887,-0.06704369388506626,0.1662975988358174
2026-03-19,-0.0070635478841201,3.9415653966139046,4.254866883714887,-0.07363367542710086,0.1671159424323046
2026-03-20,-0.0168188229314967,3.875272906135341,4.254866883714887,-0.08921406660979392,0.1668308123426147
2026-03-23,0.0073610704236751,3.903799062908363,4.254866883714887,-0.08250970721321593,0.142985245757956
2026-03-24,-0.0041052287832608,3.8877730746312453,4.254866883714887,-0.08627621477152658,0.1383225791889349
2026-03-25,0.0095172618309772,3.924774028921934,4.254866883714887,-0.07758006626631564,0.1426522669812925
2026-03-26,-0.0182160454303327,3.853280166907302,4.254866883714887,-0.09438290968505292,0.1499814965384802
2026-03-27,-0.0144382737537356,3.797645453007654,4.254866883714887,-0.10745845715108171,0.1451093452451778
2026-03-30,-0.0013650071026425,3.7924616399909805,4.254866883714887,-0.10867678269647407,0.145089315983274
2026-03-31,0.0324127339134846,3.915385690005105,4.254866883714887,-0.07978656042310395,0.175900699657296
2026-04-01,0.0057050100854,3.937723004854815,4.254866883714887,-0.07453673346959722,0.17521331260575
2026-04-02,0.0017083216538998,3.9444499023310677,4.254866883714887,-0.07295574453149445,0.1754155189649833
2026-04-06,0.0032785254118156,3.9573818815714934,4.254866883714887,-0.06991640638206331,0.1738011496538345
2026-04-07,-0.0009156108838598,3.9537584596491366,4.254866883714887,-0.0707680010432794,0.1727685304442252
2026-04-08,0.0187474415122834,4.0278813151251045,4.254866883714887,-0.05334727849149612,0.1811231681073871
2026-04-09,0.0047518816906103,4.047021330598398,4.254866883714887,-0.0488488967567936,0.1776988140702664
2026-04-10,0.002184411235279,4.055861689462371,4.254866883714887,-0.0467711916004212,0.177077978804812
2026-04-13,0.0089582798722228,4.092195233599601,4.254866883714887,-0.03823190115251229,0.1729671165138347
2026-04-14,0.012879535008858,4.144900805373829,4.254866883714887,-0.025844775253003327,0.1761435064864318
2026-04-15,0.0107161464635842,4.1893181694812425,4.254866883714887,-0.015405585186348825,0.1777811329816378
2026-04-16,0.0029422226853801,4.201644076435765,4.254866883714887,-0.012508689163185593,0.1776857486447915
2026-04-17,0.0121374258801169,4.252641219988136,4.254866883714887,-0.000523086570644482,0.1798885446277887
2026-04-20,0.0021282016811836,4.261691698181986,4.261691698181986,0.0,0.1765043657299249
2026-04-21,-0.0097936500946258,4.21995418087882,4.261691698181986,-0.00979365009462585,0.1784411128256409
2026-04-22,0.0125648023524704,4.272977071098044,4.272977071098044,0.0,0.1814429795236819
2026-04-23,-0.0105269739336045,4.227995552851706,4.272977071098044,-0.010526973933604356,0.1845772333440816
2026-04-24,0.0089906414331673,4.266007944848421,4.272977071098044,-0.0016309767484504745,0.1800565701255792
2026-04-27,0.0048712370906396,4.28678868097833,4.28678868097833,0.0,0.176132406123164
2026-04-28,-0.0018921705505045,4.278677345679947,4.28678868097833,-0.0018921705505045017,0.1751585210048691
2026-04-29,-0.0076642201145992,4.245884620703307,4.28678868097833,-0.009541888653510244,0.1774113357013328
2026-04-30,-0.0068540485795686,4.216783121249763,4.28678868097833,-0.016330536664706963,0.1739954655511953
2026-05-01,0.0069011921467364,4.2458839518106215,4.28678868097833,-0.009542044689353157,0.1723224538359564
2026-05-04,-0.0078537863259701,4.212537686488235,4.28678868097833,-0.017320889835220288,0.1653907592239092
2026-05-05,0.0055432402431783,4.235888794917882,4.28678868097833,-0.011873663445624238,0.1650422862355006
2026-05-06,0.0205884153049411,4.3230990326131975,4.3230990326131975,0.0,0.1714860288937502
2026-05-07,2.34040061359742e-05,4.3232002104494835,4.3232002104494835,0.0,0.1708458039304391
2026-05-08,0.0042734985874327,4.3416754004420275,4.3416754004420275,0.0,0.1582200132311952
2026-05-11,0.0008886898974,4.345533803508191,4.345533803508191,0.0,0.1486153435459841
2026-05-12,0.0013000759281517,4.351183327401102,4.351183327401102,0.0,0.1478934695796533
2026-05-13,0.0026164024083366,4.362567773938028,4.362567773938028,0.0,0.1222489800495445
2026-05-14,0.0085995592490186,4.400083933987867,4.400083933987867,0.0,0.1229596484172196
2026-05-15,-0.0083001955241774,4.363562377012976,4.400083933987867,-0.008300195524177378,0.1277234480928425
2026-05-18,-0.0011316285771235,4.358624445129088,4.400083933987867,-0.009422431362849815,0.1283985248676954
2026-05-19,-0.008895584942748,4.319851931143904,4.400083933987867,-0.018234198267042423,0.1326635336540102
2026-05-20,0.0126395656778219,4.374452983346064,4.400083933987867,-0.00582510493579913,0.1274374441729339
2026-05-21,-0.0005022444953078,4.372255938415195,4.400083933987867,-0.006324423804218382,0.1276428631659648
2026-05-22,0.0010867893537358,4.377007659620873,4.400083933987867,-0.005244507766941409,0.1277143677923036
2026-05-26,0.0005677895353341,4.379492878766084,4.400083933987867,-0.004679696008235257,0.126378134497046
2026-05-27,-0.0063418363492446,4.351718851636267,4.400083933987867,-0.010991854491231412,0.1246556657426612
2026-05-28,0.0085591213198546,4.38896574123732,4.400083933987867,-0.0025268137874975283,0.1234439292023765
2026-05-29,0.0086539865726147,4.4269477918296545,4.4269477918296545,0.0,0.1250897767950876
2026-06-01,0.0078782751664952,4.461824504681397,4.461824504681397,0.0,0.1226075639855236
2026-06-02,-6.801148909428811e-05,4.461521049352756,4.461824504681397,-6.801148909441057e-05,0.1226953088304864
2026-06-03,-0.0153775106833344,4.392913961752413,4.461824504681397,-0.015444476325028544,0.1281311631650049
2026-06-04,0.0104451181831235,4.43879846725121,4.461824504681397,-0.005160677522396351,0.126660895847207
2026-06-05,-0.0237817313226413,4.3332361547076905,4.461824504681397,-0.028819678998757148,0.1422791463328249
2026-06-08,-0.0024260873946075,4.3227233450948965,4.461824504681397,-0.031175847333429152,0.1404448207221337
2026-06-09,-0.0096884117500367,4.280843021446121,4.461824504681397,-0.040562214637843375,0.1428069312038537
2026-06-10,-0.016604424019478,4.2097620887572065,4.461824504681397,-0.05649312644630555,0.1506452788077324
2026-06-11,0.0127042034818201,4.26324376294283,4.461824504681397,-0.04450662313818354,0.1537595024605345
2026-06-12,0.00245855972536,4.273725202357793,4.461824504681397,-0.0421574856039828,0.152419807767646
2026-06-15,0.0169363057095439,4.346106318903508,4.461824504681397,-0.025935171958573533,0.1587309439483137
2026-06-16,0.0007852538194699,4.349519115490249,4.461824504681397,-0.02517028383194264,0.1565860278585213
2026-06-17,-0.0128830899469362,4.29348386949947,4.461824504681397,-0.03772910274828212,0.1610991618153229
2026-06-18,0.0041436050747215,4.311274371049363,4.461824504681397,-0.033741832175173014,0.1499444871297756
2026-06-22,-0.0058802162781195,4.285923145313279,4.461824504681397,-0.039423639182482484,0.1508932873624203
2026-06-23,-0.0083266655061946,4.250235696896998,4.461824504681397,-0.047422037232167646,0.15202951966364
2026-06-24,-0.0068581160753434,4.22108708714011,4.461824504681397,-0.053954927471643654,0.1529965024925009
2026-06-25,-0.0148443813410109,4.1584276607449855,4.461824504681397,-0.06799838129403879,0.1580302973532049
2026-06-26,0.0077839199518767,4.1907965287818945,4.461824504681397,-0.0607437552990121,0.1598877160820251
2026-06-29,0.0012545017413928,4.196053890325074,4.461824504681397,-0.059565456704420705,0.1573371352126769
2026-06-30,0.0091942251685252,4.234633354611989,4.461824504681397,-0.050918889757101904,0.1589608880041346
2026-07-01,0.0079934082394915,4.26848250775997,4.461824504681397,-0.04333249699054065,0.1610568094253952
2026-07-02,0.0095341964998698,4.309179058745211,4.461824504681397,-0.03421144103180862,0.1617103677153471
2026-07-06,0.0059454748414639,4.334799174426343,4.461824504681397,-0.028469369452289728,0.1582796443120109
2026-07-07,-0.0016381020499335,4.327698331012665,4.461824504681397,-0.03006083576976304,0.1583292730449957
2026-07-08,-0.0007777190202148,4.324332597706885,4.461824504681397,-0.03081517590623617,0.1582802758358212
2026-07-09,0.0058126138819158,4.349468273394337,4.461824504681397,-0.025181678743566582,0.1592728898217902
2026-07-10,0.0068889168514829,4.379431398677914,4.461824504681397,-0.01846623638312872,0.1594413367742951
2026-07-13,-0.007650786316113,4.345925304860553,4.461824504681397,-0.025975741470611657,0.1590311012644776
2026-07-14,0.0085689391164962,4.383165274202743,4.461824504681397,-0.017629386901283017,0.1589897709427399
2026-07-15,0.0134824030515943,4.442260875071296,4.461824504681397,-0.004384670349444342,0.1622849176631079
2026-07-16,-0.0036177468146535,4.426189899940647,4.461824504681397,-0.007986554536907886,0.1626054310140219
2026-07-17,-0.007388260022282,4.393488058051887,4.461824504681397,-0.015315807817589011,0.1577063088498036
2026-07-20,-0.0019086342612672,4.385102496217821,4.461824504681397,-0.01719520980331657,0.154667030981652
2026-07-21,0.0079650576755022,4.420030090513185,4.461824504681397,-0.00936711296564019,0.1395171548580401
2026-07-22,0.0017596939617934,4.427807990774406,4.461824504681397,-0.0076239022559718705,0.1392296669291789
2026-07-23,-0.0117176020220568,4.375924698908428,4.461824504681397,-0.019252170425538173,0.140679484403603
2026-07-24,0.0057857667519199,4.4012427785402775,4.461824504681397,-0.013577792241168729,0.131304104349564
2026-07-27,-0.0001833218585883,4.400435934534017,4.461824504681397,-0.013758624993647883,0.1270047606871804
2026-07-28,0.0035588021756344,4.416096215511576,4.461824504681397,-0.010248787042574703,0.127147940246261
2026-07-29,-0.0167889735564135,4.341954492926774,4.461824504681397,-0.02686569398434513,0.128268234648083
2026-07-30,0.0327227802598573,4.484035315697118,4.484035315697118,0.0,0.159551779522707
2026-07-31,-0.002422932579477,4.47317080044319,4.484035315697118,-0.0024229325794770107,0.154403188773556
2026-08-03,0.0127227907502476,4.530082016527346,4.530082016527346,0.0,0.157688728181374
2026-08-04,0.0154880471670251,4.600244140469814,4.600244140469814,0.0,0.1608929342665498
2026-08-05,0.0089863799462501,4.641583682161587,4.641583682161587,0.0,0.1586613968911875
2026-08-06,0.0022206051560561,4.65189080681846,4.65189080681846,0.0,0.1559236828644885
2026-08-07,0.0081708369232141,4.6899006479855725,4.6899006479855725,0.0,0.1466551401916273
2026-08-10,-0.003703513505725,4.672531537595249,4.6899006479855725,-0.0037035135057250645,0.1478931452963207
2026-08-11,-0.0022665922454743,4.661940813845402,4.6899006479855725,-0.00596171139620616,0.1487436147100277
2026-08-12,0.0025402314682418,4.673783222603814,4.6899006479855725,-0.003436624054857451,0.1477998050412123
2026-08-13,0.003317186726839,4.689287034273957,4.6899006479855725,-0.00013083725171847416,0.1471392802300901
2026-08-14,-0.0007525471236798,4.685758124804205,4.6899006479855725,-0.0008832859142009486,0.1462972633823011
2026-08-17,-0.0063884939536807,4.655823187355483,4.6899006479855725,-0.007266137001159412,0.1483728561210331
2026-08-18,-0.0026640276817026,4.643419945503255,4.6899006479855725,-0.009910807492751972,0.1486465995056892
2026-08-19,0.0060844451852591,4.6716725796338086,4.6899006479855725,-0.0038866640724241064,0.1487055559079083
2026-08-20,-0.0083591485554784,4.632621374538095,4.6899006479855725,-0.012213323425535716,0.1517044612303615
2026-08-21,0.0006680172408245,4.6357160454864985,4.6899006479855725,-0.01155346489532727,0.1510853841188832
2026-08-24,0.0002568399704375,4.636906682658577,4.6899006479855725,-0.01129959231647204,0.1484380753061863
2026-08-25,0.0066208912645484,4.667607137608318,4.6899006479855725,-0.004753514423984639,0.1478183643855916
2026-08-26,-0.0010629011094115,4.662645932803457,4.6899006479855725,-0.005811363017641291,0.1440837023113743
2026-08-27,0.0167246985604697,4.740627280523794,4.740627280523794,0.0,0.1495731254456368
2026-08-28,-0.0044645760419888,4.719462389543169,4.740627280523794,-0.004464576041988799,0.1481552433527465
2026-08-31,-0.0027511225155605,4.706478570301956,4.740627280523794,-0.0072034159618779015,0.1483895846137868
2026-09-01,-0.0052931157911632,4.681566634260719,4.740627280523794,-0.012458403238262972,0.1490444292038897
2026-09-02,0.0065139848831411,4.71206228854571,4.740627280523794,-0.006025572205484164,0.1496246427345889
2026-09-03,0.0147625632361453,4.781624406053021,4.781624406053021,0.0,0.1480202892879922
2026-09-04,-0.0084339169848892,4.74129658275945,4.781624406053021,-0.008433916984889267,0.1513948427941371
2026-09-08,-0.0114882394300351,4.6868274324079024,4.781624406053021,-0.019825265557268823,0.1566094530661629
2026-09-09,-0.0025687745180923,4.674788029528837,4.781624406053021,-0.022343113438383244,0.1571367462812191
2026-09-10,-0.0023948319263768,4.663592697906677,4.781624406053021,-0.02468443736336312,0.1474636329939789
2026-09-11,0.00709880079218,4.6966986134449815,4.781624406053021,-0.01776086647469277,0.117341256798911
2026-09-14,-0.0065851178077081,4.665770299768147,4.781624406053021,-0.024229026884297955,0.119178317028259
2026-09-15,-0.0022282993291811,4.655373566939061,4.781624406053021,-0.02640333668912609,0.1146634743900006
2026-09-16,-0.0031523617082815,4.640698145568897,4.781624406053021,-0.029472465529857828,0.1065449704563008
2026-09-17,0.0134033875873529,4.702899221489867,4.781624406053021,-0.016464108821156453,0.1103697269970362
2026-09-18,0.0008894344006635,4.7070821418403135,4.781624406053021,-0.015589318165254773,0.1102526619929074
2026-09-21,0.0111980563542467,4.75979231292871,4.781624406053021,-0.004565831874346893,0.1124303921706129
2026-09-22,-0.0045539081499165,4.738116655922954,4.781624406053021,-0.00909894764527952,0.1127344190453424
2026-09-23,-0.0085326172029654,4.697688120234969,4.781624406053021,-0.017553927011037973,0.1154943411085597
2026-09-24,-0.0032070548696481,4.682622376672882,4.781624406053021,-0.02070468547358384,0.1157180201440234
2026-09-25,0.0115157266868163,4.736546176140216,4.781624406053021,-0.009427388285817906,0.120063748516547
2026-09-28,-0.009807710298474,4.690091503429287,4.781624406053021,-0.019142637491113557,0.1236100599513161
2026-09-29,-0.0054114855892935,4.664711140846012,4.781624406053021,-0.024450532973482764,0.1231989084775589
2026-09-30,0.0002021976294329,4.66565433438068,4.781624406053021,-0.02425327918385567,0.1229213723687935
